id,first_name_vendor,last_name_vendor,code_vendor,article,article_value
a11e344b-1477-4c02-ad33-d595f0eea2e0,Afton,Brakewell,SXL,"Arctic Char - Fresh, Whole",$974998.20
49324543-e12f-45e6-af29-69bbd05a1f5a,Fanni,Dwight,PEY,Salmon Steak - Cohoe 8 Oz,$40922.55
ec069271-ab25-4417-8dfa-8a77b93933ca,Nikki,Ivanenko,BSO,"Ice - Clear, 300 Lb For Carving",$886294.91
474d054a-0031-457d-9490-b395cb9b4914,Andy,Simionato,BWJ,Potatoes - Parissienne,$655155.93
17f191cf-23df-4d9a-8365-256b905db009,Darbie,Burhouse,YZH,Shrimp - Tiger 21/25,$105481.79
55efcbe6-35f6-45d0-813f-fa44f70101c3,Philbert,Sandlin,POY,Wine - Placido Pinot Grigo,$492156.58
a6bd8e5c-fd65-4d82-9ab0-7ee7e5dd01b2,Silas,O'Shirine,ZER,Dill Weed - Dry,$619954.10
1a357140-6a15-4e66-9370-92bd9b869d65,Tabb,O' Mahony,ZJI,Bagel - Ched Chs Presliced,$69853.17
a5149b39-64f5-48ee-b927-1ed4ea3ac002,Collie,Entwisle,EMP,"Yogurt - Cherry, 175 Gr",$810883.59
a4fd280a-78d8-4a3a-8ba5-8c726b104ca9,Alaric,Middleditch,HEE,Kahlua,$866529.01
4265f67d-8ae7-4b08-96bd-f3718dbc82d9,Mechelle,Clemon,SWX,Icecream - Dstk Strw Chseck,$888806.36
ce4be088-f992-49b5-86d5-e20982d19cd8,Ceil,Galea,KND,Pastry - Lemon Danish - Mini,$68739.76
e277b7d8-deb3-445c-be74-09791d8b923c,Hope,Dye,PST,Bread - Kimel Stick Poly,$971671.12
10cfa6b4-8442-4f51-8c4c-086c7f290f0c,Gertrudis,Daunay,HUB,Soap - Pine Sol Floor Cleaner,
a315d5cc-07d6-406f-80ab-f21e732435a5,Glynis,Lillecrop,ACJ,Daves Island Stinger,$569514.24
01a54290-15e8-4d80-ae02-9a16ad74c5d8,Ailene,Chubb,LBZ,"Lamb - Leg, Boneless",$184241.97
a219b85b-20d5-4f0d-a7b2-3575defec95e,Rollo,Reynard,OLR,Beer - True North Lager,$669796.40
d14180e5-684a-4a45-a7fe-2c2099b70444,Alejandrina,Bracco,RDG,Beef - Tenderloin,$766890.31
7acd746f-8b6c-42af-a559-a5765c160c3d,Shannen,Gladbach,PPF,Orange - Tangerine,$328205.94
b7619a1d-32e6-4585-8180-f97790bb8c81,Dallis,Audibert,UET,Bread - Rye,
d4204da0-206c-4289-afc2-16cd3670e2c5,Blane,Kinsley,THD,"Shrimp - 21/25, Peel And Deviened",$500246.14
23640613-3d21-4380-bbe5-b92f0ace89fb,Nariko,Josland,MAL,Syrup - Pancake,
73472016-ef4b-4e3e-a7b5-de950f7808ca,Kimball,McIlvaney,LCQ,Cheese - Camembert,$886816.24
4b654c57-5a4a-4048-b944-dc6b783545d4,Alayne,Dagworthy,CPN,"Iced Tea - Lemon, 340ml",$891411.74
8a0797aa-3d55-4958-97c7-655c049459db,Arturo,Giraux,MOJ,"Chestnuts - Whole,canned",$293808.49
8cd64a97-c685-4549-b59e-2e1878cc7af2,Haley,Cornelisse,PWM,"Nut - Hazelnut, Ground, Natural",$907664.30
d46c9868-f425-4ae5-90ce-7fc8ebe8991d,Mayne,Matonin,GWW,Sprouts - Corn,$186877.20
ad8682d7-03c7-4a9e-8123-b8cb592624c2,Alverta,Coupe,WSZ,Flower - Dish Garden,$100683.70
372e3486-6927-4884-8fbf-659003ba3fa1,Dom,Millar,HGR,Napkin - Beverage 1 Ply,$193371.78
13c3a20e-ac71-4ad9-9447-fedabf2c9949,Robinet,Caldero,WAQ,Cookie - Oatmeal,$737245.11
b314ed72-2780-45df-81db-da20c5128852,Kevan,Bartocci,UGO,"Capon - Breast, Double, Wing On",
d7ebd6ec-c446-41e4-89ce-709b27476d3f,Isabella,Cornew,RKS,Sour Cream,$257673.86
4e7015fa-2089-4160-9394-2d96494ae6a6,Caritta,Hassard,HHE,Nescafe - Frothy French Vanilla,$658092.47
7d6e3821-6edd-4b9a-9e52-403554fd3405,Hardy,Clutterbuck,THN,Marjoram - Fresh,$542147.24
d9cae07d-24b5-42a2-ad9d-f3d24244a749,Georgy,Broady,LEK,"Pasta - Fettuccine, Dry",$742032.52
aaf4538d-3273-4870-af6f-299e53380d94,Ettie,MacKay,GAR,Coffee Cup 16oz Foam,$59448.85
50454786-1852-436a-a4a1-0e9d78f7c71f,Alric,Bestwick,RZN,"Wine - Red, Mouton Cadet",$234176.87
655a4a8e-3a4c-48db-8d2a-f4443350fe22,Rosie,Reeks,BYV,Whmis Spray Bottle Graduated,$314255.72
bebff8e4-583f-454c-b618-32960b788bc7,Eada,Barneville,LPC,Soup - Campbells - Chicken Noodle,$151752.86
1f1fcf4c-43b2-4a04-aa95-8dcf84445f29,Darnell,Sarver,SOW,Ice Cream - Life Savers,$759792.70
c278a2f7-2372-4b32-a54c-443cd09b48cf,Francklyn,Hatrey,HKV,Plums - Red,$352759.02
2e18aba6-d15d-44a3-9314-e42530a5294b,Crista,Pactat,SKA,Plate Foam Laminated 9in Blk,$222353.15
bab7534f-54d6-4e5b-9e3f-6cb0efc75c8f,Nathan,Arblaster,GOV,Cheese Cloth,$173614.16
8ab2bcc3-978e-428c-82a2-06b5cc0d4566,Julie,Hatherall,GXX,Food Colouring - Pink,$607524.44
e48bc56e-c9d3-4680-9114-97842ea8a533,Bambie,Busby,SQM,Sausage - Breakfast,$395809.02
cc625563-68d2-47a6-8844-318e58df23ed,Malory,Scoffham,KTN,Bacardi Mojito,$849292.32
e86344be-8b3d-41d4-9895-d85e55721421,Maison,Coakley,NTT,V8 Pet,$551686.80
54372341-a79f-4a53-8425-f6e95786d0c6,Sarina,Uzelli,KPV,"Veal - Inside, Choice",$120293.87
2e794146-6258-4b32-aa8c-d14f3d01885a,Liane,Mordue,GLU,Chickhen - Chicken Phyllo,$712718.59
9d8a7f16-df42-49c1-a133-8698ffbe6147,Irwin,Eyrl,GHU,Chips - Doritos,$716893.54
6a2facb3-ebbe-426e-ba74-da49beb686d9,Trudy,Gritland,CJM,Nectarines,$618435.40
172eef1d-1e60-430f-a1de-349d50561757,Gloriane,Scahill,KRH,Soup - Campbells Chili,$6892.34
c17a232c-c7f1-49d3-a900-9ed2b3b8fd0e,Jannelle,Kiggel,AKJ,"Lamb - Loin, Trimmed, Boneless",$850297.09
9602cd7f-5c5a-4270-8624-b18eac785b30,Martica,Kretchmer,HBD,Sugar - Individual Portions,$247769.12
472fcebe-c5a5-4318-8ab7-cfbfc4fd0e68,Almeda,Downham,KKA,Cup - 8oz Coffee Perforated,$107998.89
936e54dc-037f-4635-8a60-a72559ed1194,Nahum,Rochester,ALQ,Water - Green Tea Refresher,$360033.56
258549b4-c6b8-48e5-bfc4-d124494fce02,Filippo,Lomasney,LIZ,"Soup - Knorr, Veg / Beef",$291166.34
209dda9b-7103-4b9a-9478-8863a9c16347,Rosalia,Ganford,AHF,"Soup - Knorr, Chicken Noodle",$433342.64
5435f369-5857-4ac8-98fb-0d24ec14c240,Kim,Busain,PTG,Trout Rainbow Whole,$588290.84
06f8011d-7682-4b09-af65-4dcd9565cf4a,Analise,Ravilus,CUR,Marzipan 50/50,$933994.37
5fc0e258-537f-4517-8484-9379143892ba,Willard,Malkin,AAN,Soup - Campbells - Chicken Noodle,$749389.08
0ea0a027-70bd-4c2d-b669-443c51b32680,Buiron,Fairlie,TYN,Aspic - Amber,$932753.44
acf7a72c-ce2d-4888-bc1e-729130c77d23,Tynan,Gimson,QEO,Cheese - Swiss,$944226.69
e6932f07-f0fc-47b2-8d04-375a12eaea9d,Daphna,Rozenzweig,BLM,Stainless Steel Cleaner Vision,$432457.99
3024c978-bd1c-436c-b86f-80a2818ff7a6,Arnold,Merrifield,SVP,Cape Capensis - Fillet,$637654.13
7fd95aa9-764c-45ce-a0f7-f6b416e863a3,Jasper,Galliford,FSP,Wine - Rubyport,$704249.07
02c572f9-8b73-4a2e-97a2-71c67a0c4e2b,Rasia,Sprey,NDM,Food Colouring - Blue,$176518.62
5c20b450-a4f7-4cef-a7a9-2fc667d21896,Filip,Slater,YOO,Plasticforkblack,$177658.27
46ea0721-5416-46de-9c4b-0c65e0e5eb90,Cariotta,Mawman,JEJ,Knife Plastic - White,$179314.01
97e41b85-8f65-41d5-9922-9370655b2aae,Nelle,Neasam,VTF,"Doilies - 12, Paper",$977254.64
3ff46595-a37e-4164-81e8-2fa7fab95c14,Gregoire,Mulmuray,UDI,Jolt Cola - Red Eye,$67647.88
e9154063-9c39-4287-ad78-3e7f6501c0d8,Roseline,McWhirter,SXM,Wine - Pinot Noir Stoneleigh,$891074.66
52b9f636-ab30-467c-aec1-92f4b7202cf8,Stanford,Dunthorn,JAU,Beef Tenderloin Aaa,$140550.22
4fcc5eff-b022-499d-972f-27b6ff20ca00,Niki,Barrowcliff,GSA,Soup - Boston Clam Chowder,$765106.69
c3ed88b1-45eb-4e4c-9129-7aae627a6203,Rachele,Benardeau,PSV,Flour - Pastry,$697537.38
5c5b787f-4514-4822-b8f2-d295d53ca3f3,Ad,Chandler,APZ,Beef - Ground Medium,$204737.62
54c0eb0d-b6a3-4792-b928-d3b79d01971e,Eugenio,Matusson,GNV,"Nut - Chestnuts, Whole",$531496.83
760ce710-8d29-4a18-b946-6cda08aad832,Marion,Mepham,GDD,Tofu - Firm,$602905.94
b0fc247f-ece7-4a91-a033-c3346bf7bda2,Anselma,Speere,LCN,Fruit Salad Deluxe,$429703.37
088a9002-547c-4bd9-b00f-cac569082a59,Florence,Yerill,OGU,Ginger - Ground,$134197.12
a4041dbd-c7d1-414c-a4ec-cf6838261211,Krissy,Nattrass,ICI,Avocado,$481572.92
0028ae02-39ef-4e91-934d-7f0675444443,Trixi,Blackly,MFV,"Pasta - Rotini, Colour, Dry",$594264.05
9e8d6172-a563-47f4-a743-81b9d4dbd8d3,Mikael,Walaron,LLM,Anchovy In Oil,$356312.03
c8aadb31-9194-48c8-a98e-3512f44b2a56,Eadie,Dunphy,RMG,Muskox - French Rack,$471768.21
a64274e3-4314-442a-9d79-b0a2c322eb43,Madeline,O' Bee,ASS,Chicken Thigh - Bone Out,$12051.67
6427f602-0566-44a3-a4ff-54707df7214b,Brooke,Penney,TNT,Cheese - Marble,$945388.50
746219ff-0340-4ced-ad70-140b80b89a2b,Remington,Minto,YSO,Molasses - Fancy,$977019.51
cc16737c-c8ca-456b-8395-9f0112b60f8a,Manda,Spurrior,SDV,Wine - Casillero Deldiablo,$919987.82
5b4cdcf2-8c66-4ba6-bb59-efa1079e4f32,Butch,Brandone,KVL,Curry Powder Madras,$12312.41
33ab4abd-7eda-4d18-87c3-55a85b692c03,Prent,Schall,BUZ,Appetizer - Asian Shrimp Roll,$320783.03
a00741f5-a044-451b-85fd-2cb6753876a3,Seamus,Skirving,IDK,Wine - Ej Gallo Sierra Valley,$429352.18
c69ab971-8b99-44e7-af22-75a21812284e,Tymothy,Sollitt,NIG,Salt - Kosher,$539075.37
0c23c6c2-895c-4920-b66c-9b6bedfce6c7,Rennie,Tomasoni,TDP,"Beef - Outside, Round",$878109.73
4ae2977a-d784-43aa-bf98-d504434f984b,Augustine,Kemell,TEG,Muffin Mix - Lemon Cranberry,$720129.89
3cb8425e-adf6-456f-adb8-be6b725eb5f8,Gabbie,Sabater,DAA,Mcguinness - Blue Curacao,$258555.15
8b7e77f3-03b6-4941-bfa4-774b0cba595f,Guido,Raitie,PYX,Turkey - Ground. Lean,$756281.98
f7e54829-8efe-4cf4-9ebe-0c1587753b18,Freeman,Zeal,ORW,Sobe - Tropical Energy,$519855.24
88df52ac-d45f-4d6c-ba61-46ea2e2c2c80,Arlina,Waudby,KGY,"Fish - Scallops, Cold Smoked",$473591.85
30cf509d-d1bc-4d7c-8fea-848fb752d2a4,Alexine,Bartomieu,PRD,Tamarillo,$663752.41
fa759ec0-4c71-46f1-8e99-9cd1dde718db,Kerri,Heddan,JIC,Buffalo - Tenderloin,$720614.83
8beed787-a439-46c1-8ce3-d40ffe9a1c13,Kahaleel,Bassom,TCL,"Bread - Roll, Italian",$103307.53
a63e8c28-9c83-4af5-8f47-71925643c42a,Linnet,Ridolfi,FRW,Table Cloth 62x120 White,$143512.97
db751daa-145c-4420-8953-5912ca87e01a,Lucila,Collomosse,VCE,"Placemat - Scallop, White",$329552.08
5b4ce4f4-17c3-47dd-ba59-266c8f8c67bb,Lara,Keneford,LCQ,Sugar - Crumb,$993280.59
afc87b7f-7130-4f1e-9cc6-ca3beeae50cf,Gretal,Sabbin,UKR,"Pasta - Canelloni, Single Serve",$925835.04
637fd5b4-ac12-43bb-8a37-49d133a67535,Skylar,O'Kielt,SFX,"Star Anise, Whole",$39647.29
627286a9-afd3-402a-b717-2c964cc80b71,Teresina,A'field,FWA,Tomatoes - Orange,$366022.27
2723fcde-9cc5-440d-bb1a-22d6ac4f3245,Tricia,Kadwallider,LPM,Coffee - French Vanilla Frothy,$530058.40
5beead6b-e9f6-44ee-98f6-95e4ae135e59,Elfrieda,Filyushkin,SBF,Alize Red Passion,$68067.73
868a9e84-dccb-47c9-bb36-7c30c6432679,Isidor,Lalevee,SHQ,V8 Splash Strawberry Banana,$533039.64
99af6e04-8f31-4cc5-9cf0-dbd9a9a7adfd,Angie,Muccino,AAJ,Butter - Unsalted,$379023.13
b77ea266-23c8-4bb2-a97e-42637b47eacd,Melinda,Fuster,CYW,Muffin - Mix - Strawberry Rhubarb,$570409.92
c845b699-2f2b-4033-8ec6-b266c3804f59,Vivienne,Emons,YEQ,Beans - French,$238849.89
df443eb0-5c49-45e2-9e7f-d6b6a6ea64cb,Myrwyn,Verdun,CAA,"Beef - Ground, Extra Lean, Fresh",$250502.90
feff6a1d-0a43-4102-a7b8-3873b9360b65,Gordon,Braven,PPH,Kaffir Lime Leaves,$431522.11
6a80450f-4690-41ab-b1ad-1a94713a0ebb,Felipa,Elford,0,Wine - Carmenere Casillero Del,$103658.25
65128c09-c170-4166-804a-04db5721c05a,Edwina,Larcher,LUR,Thyme - Dried,$166444.47
d0a86690-7951-49be-bd68-1ddda5892eb1,Rhonda,McIndoe,WRZ,"Tart Shells - Barquettes, Savory",$620133.20
7957253a-27fa-4aa1-a5ac-eaab8774cf1e,Toddy,Collihole,GOV,"Vinegar - Balsamic, White",$590961.71
11d18e1e-0212-4efb-ac1e-ae96e6331e7b,Roddie,Veasey,CRT,Jello - Assorted,$59868.54
17628c8a-096c-46e7-9528-d0f4a9c152d8,Inessa,Hapgood,SLE,Hersey Shakes,$881083.11
c58626f8-a609-48e7-b0ba-711910e735da,Cynthie,Everingham,SSZ,Otomegusa Dashi Konbu,$977230.81
a93a13b5-a167-4f0a-811c-02203f117018,Dallon,Brigginshaw,LHC,Curry Powder,$512292.78
251592d0-7a18-44c6-b4b6-e8d81657521a,Cariotta,Mustin,KAB,Ecolab - Solid Fusion,$957435.45
1a35cc58-e776-4673-b6c3-aef92fd44060,Gilda,Fitkin,BMA,"Red Snapper - Fresh, Whole",$787241.14
66e9c420-9fde-41ae-88fe-e0dda7ce031e,Cathryn,Wyldish,ETM,"Soup - Campbells, Beef Barley",$832320.87
d76be8cc-413c-44ae-bd46-54bad1cdab84,Chandler,Grassin,IGD,Lychee - Canned,$388048.56
b8070b5f-0d42-48a7-bef3-47166fbfabe8,Cilka,Hazeldene,MLK,Wine - Peller Estates Late,$581759.78
05e8a7e7-93d2-498b-a1ac-e8b183cee8fc,Issy,Uvedale,NRY,"Wine - White, Cooking",$790397.10
77cb8969-2f7d-49a8-9bef-d7837a83b456,Laney,Cutmere,APX,Oil - Grapeseed Oil,$464023.68
fede4d87-b5f7-476f-bd7b-834ae0378c72,Edik,Minocchi,AZN,Tomatoes - Hot House,$554245.92
2f2af8b4-73c0-49f9-b81c-9b729bed39b8,Augustine,Muston,BXR,Lid Tray - 16in Dome,$30042.65
3094d821-bebc-4603-a18c-425b5d375c5e,Claudia,Haddrill,RQW,"Chilli Paste, Ginger Garlic",$761362.92
c259842b-cc63-454f-a3de-7199135dc726,Celia,Brixey,CMP,"Carrots - Purple, Organic",$858039.66
24b5f79c-567e-4a0d-8e8f-08f1658d3360,Glynn,Whichelow,ANS,Mix - Cocktail Ice Cream,$151656.73
7eecdc10-b249-4b20-b54a-abee72225808,Jeannine,Pochin,RIS,Foam Dinner Plate,$311870.82
5ca18ef7-c58b-4574-9ccf-29cd70345f87,Dasie,Harriagn,BGC,Wine - Barolo Fontanafredda,$858130.66
e2ff8906-5abc-4d9c-aa85-81a201514203,Brianna,Byk,YLS,Lobster - Live,$332954.16
0fec4424-ef0f-41d6-ac03-14a6241079f1,Rodolph,Mathouse,LCC,"Red Snapper - Fillet, Skin On",$700689.72
c8ac26fd-7a1d-46e8-8888-3c264a6fe131,Adan,Glasscock,ASB,Beef - Eye Of Round,$117137.71
d610d735-7555-4cda-9fcd-fc154287d5d3,Thatch,Mabe,NDB,Cheese - Swiss Sliced,$239691.13
1cf630e0-9572-43a3-9964-a6e500f5d147,Urbain,Currie,UII,"Pasta - Lasagna Noodle, Frozen",$278933.25
e1937201-c954-40a5-a15f-e323d952228c,Nikola,Docksey,ZAM,Fennel - Seeds,$219638.51
49102cf1-0624-4266-a2a7-aae1fb0a3bfa,Kingston,Dudbridge,BLO,Pepper - Chili Powder,$855693.68
48038410-6392-43d2-866d-1de45370744b,Giovanni,Priden,RLA,Bar Special K,$441718.02
b308ef77-f1fd-4f55-ab9a-cc2da3450b9c,Patty,Rubinchik,MFD,Coffee - Egg Nog Capuccino,$559765.49
3f47a11c-2405-432d-a8bf-4d2915d60975,Adan,Faughnan,SPQ,Beets - Mini Golden,$991016.30
5f81bcca-c18b-4e70-a903-640f28891733,Sylvia,Vye,FYJ,Pastry - Butterscotch Baked,$117807.48
54d96610-88c3-4158-a886-d42f61ce1ea5,Tandie,MacAvddy,MZT,Chocolate - Chips Compound,$429353.85
a14869c4-6458-4659-93cb-67330949f1f4,Waldon,Jeduch,RUT,Tomatoes Tear Drop,$605232.12
2225a2f6-4286-4ba0-a32d-d6bc958c95d1,Vernice,Lichfield,LOL,Calypso - Strawberry Lemonade,$201245.20
0eb48fb3-f92a-4497-a217-b7d0c40303d9,Micaela,Giannazzo,WKB,Longos - Assorted Sandwich,$785025.06
b6ad2d70-7ff6-490c-9c22-d20223451f35,Moreen,MacGillivrie,PIT,Coffee - Decafenated,$982607.49
94087f44-55de-42a5-8d27-33b07b5aa923,Raul,Gristwood,EDW,Scallops - 20/30,$301933.96
a5f58ead-9780-4e2f-8ff5-ddcec8d898f5,Biddy,Rodgier,MUY,Versatainer Nc - 8288,$326521.70
980af2ec-0286-4abe-b5f0-5b7dfa9b0203,Ardys,Bevan,WSN,Ham - Cooked Italian,$663373.02
46d6952e-623f-414c-96f0-391cc136cee5,Parry,Vedekhov,BIU,Yoplait - Strawbrasp Peac,$242319.47
019fa25f-95d5-401f-83f4-e8e7323e000b,Gwyn,Buttler,WJF,Fond - Chocolate,$869919.32
6a3fc920-c9c8-416d-abbd-73c0ba26774b,Fred,Boykett,MGL,"Coffee - Beans, Whole",$504804.31
fc915213-c01d-4325-81b8-db15719e5834,Fawne,Yashanov,AOG,Artichokes - Jerusalem,$441422.64
c30994c2-85dd-4342-be79-35243bca70d8,Robers,Ellicombe,UMD,Muffin - Blueberry Individual,$731854.11
5a8780ae-51fc-47d1-8e8b-7d3fab53079b,Kai,Kavanagh,PYV,Plate Pie Foil,$152067.69
56283c96-ffb4-48be-82e5-840de2588cd4,Veronika,Coggan,CNN,"Beans - Long, Chinese",$588351.61
07b16ab9-6439-4f29-90af-cfb0cd528b65,Inger,Hutcheon,KCA,Wiberg Cure,$626295.16
39677dce-c202-4d00-8aa8-de61aad116ae,Marty,Dounbare,KWM,Soup - Base Broth Beef,$727834.19
18db1cfe-8e7f-44df-957b-4544e2c18122,Vinita,Strass,KRH,Juice - Mango,$533297.84
abad88a7-0343-42c3-9e18-85f0a6cb2c75,Waneta,Davana,HLG,Cup Translucent 9 Oz,$230498.51
d4ea68a2-e817-4763-b013-0b04de0c1116,Elane,Godin,KLS,Scotch - Queen Anne,$387723.94
e303156f-686d-4c1f-b8e0-8322c5702be7,Jarvis,Woofendell,WNS,"Fish - Base, Bouillion",$371723.15
202206ed-0efd-473e-9e01-d0f697eec8ab,Lockwood,De Gouy,HIS,Wine - Piper Heidsieck Brut,$883487.89
7bd085ef-9672-48c5-901f-740804179f77,Laurena,Desporte,XGN,Aspic - Clear,$94591.21
a0b7481c-5339-490b-bc8c-0f2c7d1c1c1e,Niel,Pinks,KKO,Island Oasis - Ice Cream Mix,$513841.41
f53a5d96-d73f-45d6-8545-79402908a1f1,Avery,Skeene,MRX,Cheese - Cambozola,$349455.49
181d482c-e188-41de-8abf-368f81bc2332,Niles,Oliphard,BOZ,Cup - 4oz Translucent,$75782.94
5ff70e13-04ea-4ca2-bcff-db3c96cc1e1e,Arlina,Fydoe,JRN,Bay Leaf Ground,$597443.23
f381aec0-5772-43a9-88e8-8ca36404c58a,Hana,Suche,BAF,Lemon Tarts,$963000.32
330f9d38-7fce-46b7-ad10-24713b39bbf3,Vilma,Larenson,SMB,Beer - Upper Canada Light,$433224.86
d67aaf98-28ac-4bae-b337-73d6de9f7598,Demott,Bullen,MRC,Nutmeg - Ground,$799772.58
a14c72da-a523-42c3-86c6-8d4c995011f9,Lilllie,Langham,PZO,Fish - Bones,$829846.39
03a27caf-2595-4daf-b11d-4ed55d930392,Terencio,Cleatherow,VSG,Flavouring - Raspberry,$842070.84
638a3003-230b-4cb7-9036-e84e0223cc3d,Janith,Deegin,MQO,Pepper - Scotch Bonnet,$270402.40
d65b4d3e-173d-4804-950f-ffc8bb3ec7ae,Malia,Benadette,LLA,Energy - Boo - Koo,$560983.33
5b3c2c36-59f4-4421-8416-1545f17007c2,Dukey,Weiser,ANA,Rice Paper,$13668.91
3ed50912-4339-4f0c-b125-470aeef1e787,Billy,Butterworth,NRB,Carbonated Water - Peach,$234379.80
c7619217-d7ac-4083-a36f-75d8d6f6229e,Rebecka,Kirkam,SBT,"Wine - Red, Harrow Estates, Cab",$259573.57
931117d6-f4e2-4726-bdcf-7eb759e1a024,Bil,Wombwell,KMM,Garbage Bag - Clear,$622817.54
71b6bbe9-1e1c-4270-8d7e-3c6d40b5ed0a,Sarita,Haymes,TEI,Creme De Banane - Marie,$860585.31
77f63a3f-51e4-4451-8b07-cd561f99d060,Kelci,Tidey,JVL,Wine - Ruffino Chianti Classico,$35227.29
9fb1b66c-b144-4f3d-b3f9-4d2c996b3bda,Darya,D'eye,SMR,Pastry - Carrot Muffin - Mini,$943043.44
cdb7d635-8468-4b06-82f1-12f10f9cc613,Anitra,Edmead,BST,Ice Cream - Fudge Bars,$140909.97
16fb966c-8550-4087-b2e6-d152634f68d3,Marnie,Ivanets,WSG,Muffin - Mix - Creme Brule 15l,$730601.21
ebf4d3b0-53a2-4b5f-9a96-05b7ef81e6c3,Hiram,Belding,SLQ,Puff Pastry - Slab,$822993.81
3905f8a3-d37b-4e8f-8df0-042b881f7b13,Trstram,Mingaye,AXS,Pop Shoppe Cream Soda,$573215.44
331d133c-3a93-4215-a1bb-e683d0e182f6,Cherie,Ornelas,ULU,Butter - Salted,$875289.06
80e27549-78e0-44d7-b605-a918dc4e0963,Drusi,McKeaney,BDS,Lid - 16 Oz And 32 Oz,$313735.98
5090dd98-379c-47d9-8748-3df6fa986b11,Amabelle,Klimaszewski,GRY,Parsley Italian - Fresh,$491206.69
5153139d-030b-4487-800d-44750c7f1541,Fairleigh,Ewington,BZC,Lamb Rack Frenched Australian,$252226.07
b25f00c3-135a-475d-97f3-e9a8748e64bc,Helena,Yakutin,RAQ,Heavy Duty Dust Pan,$431014.75
c8a23f98-0e18-42be-b558-9b1933cda2f9,Guendolen,Kearn,SXR,Pork - Bacon Cooked Slcd,$531793.45
e05adeff-0799-499d-bf4c-72e0320d3d8c,Ethelin,Gerge,LKZ,"Juice - Grape, White",$308856.30
1a93cb24-8a9c-4ae9-b7bd-6bfdc9abae8f,Nata,Gonzalez,FSM,Sambuca - Opal Nera,$575697.81
27cdc644-11ca-4a94-8c34-a5e68d5a32c3,Roarke,Ripley,BGJ,Spice - Pepper Portions,$378972.58
133894bf-07a4-4b02-af6a-08aafdc85300,Rik,Lodwig,UDJ,Scallops - Live In Shell,$502916.45
3267a7ff-b976-4852-bbc4-0cdfb7cdd102,Thekla,Rockwell,SBO,Calaloo,$442447.34
b5c44f3a-54ca-4672-9766-e3c8d2f01df8,Bettye,Corkhill,0,Tomatoes - Orange,$596789.29
489a5233-41e5-49d3-9133-abbbb7b81f15,Hurley,Lengthorn,URC,Cup - Translucent 7 Oz Clear,$827602.92
b2a490ce-20cf-494b-b441-06c07dff8044,Agnese,Doog,AWZ,Peas - Frozen,$996500.13
43df3503-52a7-462e-aaa6-cd7c64b25b8b,Velvet,Spellicy,QNC,Pears - Bartlett,$713941.20
2ac1842d-ab77-4a4c-a837-9f6051ac3308,Dugald,Botte,GIZ,Pastry - Chocolate Marble Tea,$299781.89
917e98bf-f709-48a6-806a-7f5f3f9e44a6,Carleen,Cattini,BBH,Jam - Raspberry,$706209.34
d6c72492-ac0e-40f9-81a4-63926db4b3f8,Ardelle,Thatcher,TPS,"Turkey - Breast, Bone - In",$950215.22
c4306646-8bcb-4668-8b35-d7b81ff03f4a,Drucy,Swaby,TYR,"Wine - Red, Gamay Noir",$186921.75
2244d93d-dc56-4518-8fb2-abfd72703738,Tobe,Mytton,KON,Duck - Fat,$466796.32
4b4560cf-f124-445c-9b35-d6067b4f7d15,Emalia,Cicchetto,YRG,Wine - Cave Springs Dry Riesling,$933898.92
a7380e7c-7b5d-4e3b-899f-4b84441fceab,Maureene,Gobolos,UNC,"Mushroom - Enoki, Dry",$539221.29
91775ad6-d233-4f7e-b4f8-dc1c8bd27ffe,Carrissa,Gorden,DMT,"Plate - Foam, Bread And Butter",$843821.43
0b9b84e6-f463-4da1-872a-8e70cbdc377c,Cassius,Foreman,SEH,Sobe - Lizard Fuel,$343919.11
057c6f96-947c-432b-a968-8e9a82835eb3,Karie,Aleswell,PXM,Raisin - Golden,$632328.23
380a7e81-9bd5-44a8-8730-abb1a9c51c1e,Kennan,Winsborrow,BEG,Turkey Leg With Drum And Thigh,$542906.39
7f114756-dbc0-4c11-800d-bca5e72621a4,Merola,Dreus,TLT,Cookie Double Choco,$393120.46
126264a7-5cad-45df-afbc-278226ed53d0,Lavinie,Pippin,VCD,"Syrup - Monin, Irish Cream",$469795.56
7429fb3a-069e-4725-93f4-3ab9511fedfb,Talbot,Seignior,MCM,Pie Pecan,$220668.18
7c1d104a-97f6-408d-8ae8-c16e92ba4a4d,Cal,Wardlaw,BCG,Flounder - Fresh,$680580.21
5d333b59-90ff-48d0-8bcd-ee3a07b9ccf2,Trina,Beekmann,VAO,Urban Zen Drinks,$538221.31
81eae617-13d8-4911-86f8-a2ce320e9de8,Haslett,Kembry,FEB,Pimento - Canned,$584388.60
329bb5c9-4844-41e2-bb7b-65e15bf8766a,Deloris,McDougall,BQI,Halibut - Steaks,$931428.29
a25b32ad-063c-425b-a570-1a3c1520537a,Charline,Avieson,SGO,Curry Powder Madras,$82189.06
acf847ed-9e86-454c-abbf-d3a9b7e55516,Caritta,Richardon,RHV,"Brownies - Two Bite, Chocolate",$457787.33
6790d02d-9fc2-4e81-8896-ca8f965a68e4,Erda,O'Neill,IGR,Cake - Bande Of Fruit,$636232.89
7afa1b41-90a4-4cbf-a730-29690af4b70d,Timmy,Goodlatt,ABK,Nantucket Cranberry Juice,$5740.67
29817a89-aba9-413c-a15b-d52715467c41,Lewiss,Linscott,FMA,"Veal - Chops, Split, Frenched",$177391.05
123f97df-d3b9-4666-a53f-b7d2f5ade8bb,Ulrick,Kupke,JKG,Wine - Magnotta - Pinot Gris Sr,$222475.62
85701065-61a3-4978-a473-0649bb713c0d,Valentine,Drayton,THE,Tahini Paste,$95370.45
895ec873-786e-4273-b0fa-aaa02e7b4460,Montgomery,Scotchforth,PHE,"Wine - Red, Mouton Cadet",$827424.28
00ed337d-a3a3-4d23-9abf-dec020274132,Marcos,Malamore,ELS,Carbonated Water - Raspberry,$7114.80
588bd4e2-c880-44ef-859e-2d42d84aac67,Marci,Scopyn,DLI,Bonito Flakes - Toku Katsuo,$170793.95
8c63c472-1f49-43bc-bbbd-90095a03e40c,Gasparo,Frostick,SEQ,"Yeast - Fresh, Fleischman",$946209.17
166c0661-0f25-47b7-8e23-7e41d11a8f8b,Agnella,Winslade,ZMH,Pork - Kidney,$915682.04
0af6b2d0-0cde-4a71-8e32-dd564fa45aee,Moina,Ephgrave,LYT,Flour - Fast / Rapid,$755654.92
8ba864eb-37aa-49dd-abf0-9c7e836c1447,Jethro,Mulholland,GBW,Asparagus - Mexican,$538796.53
5000e171-57ac-4bca-8915-3a60ba4835ac,Gale,Heaton,EIE,Pea - Snow,
a4bdc056-6b98-4db2-9a9c-8d41965fa7f8,Vida,Mullinger,LGG,Meldea Green Tea Liquor,$984791.40
0b078b8f-7dbd-4c8a-b186-082e1b019bcb,Harwell,Cherrie,NDN,Bagelers - Cinn / Brown Sugar,$307515.12
74e27091-527a-4d38-94ab-c3bf97f45469,Hillie,Cissen,TGR,Vinegar - Tarragon,$940546.39
0d2e806d-de23-428a-a44b-0867a7df1132,Mora,Labitt,OKY,Chips - Assorted,$58575.12
983b02b4-7dae-4a64-9f0c-aef7d20eea4f,Maryjo,Jirka,DVT,Paper Cocktail Umberlla 80 - 180,$235855.18
b40b8cad-b706-4e29-8af6-0f7fe3b1f3ba,Bevon,Gawkes,TIV,Sugar - Invert,$849819.21
cefa0ddc-7026-4433-a038-c1230963dfa0,Angelica,Whimper,VHC,V8 Pet,$149054.73
19ecdcb9-5043-49af-a21c-7aff4608bb3b,Geri,Paaso,BUO,Appetizer - Smoked Salmon / Dill,$778788.65
d76b0980-2049-40fd-98d8-607395fa3174,Christoph,Klulik,SBO,"Pepper - Black, Ground",$690689.43
904c7781-1021-4afe-b4c2-ce0464670496,Tremayne,Langhorn,DGR,Mince Meat - Filling,$975775.50
3b00b359-824a-4564-b3a0-2d10f00255b3,Nikolaus,Geroldini,JCI,Marjoram - Fresh,$543996.39
4b672644-f228-434c-b541-a015b1f1c37e,Quincey,Peaker,PJB,"Fish - Soup Base, Bouillon",$392144.78
fdea4ec6-84c8-44b7-ae4a-9a880e536daa,Garry,Scrogges,OCC,Bonito Flakes - Toku Katsuo,$285520.77
75f452ab-5e0c-456c-843a-8869fdc1b401,Julian,Alvares,MYC,"Juice - Apple, 341 Ml",$279056.96
11b5cae2-d669-48b1-ae38-3279f7c557e3,Linda,Chapellow,CUL,Versatainer Nc - 8288,$98864.08
55f447de-096b-41ea-a6eb-9faf068ee827,Genevra,Ormston,BUD,Liners - Baking Cups,$168963.64
3a2c4951-82ca-49b8-9961-03fb93d80cc6,Darn,Kingswood,WSZ,Shortbread - Cookie Crumbs,$790843.24
3c355489-3742-4452-8f9b-3a40fdc48612,Morgana,Effemy,MTO,Kohlrabi,$144297.49
fa4d05e7-306e-4ef3-9c82-39fc15732102,Salome,Skipworth,LAC,Thyme - Dried,$583928.62
28bba0ce-d5de-44d4-a38e-5d90e8154b4e,Goldy,Aldgate,BJY,Muffin Mix - Corn Harvest,$521161.38
333fb05d-7c82-4427-935b-b1295e7380b9,Ina,Lachaize,CAX,"Leeks - Baby, White",$369289.87
da00e3d8-5015-416f-aeb1-1e080e186810,Marcelo,Euesden,SVW,"Tomatoes - Vine Ripe, Red",$958422.07
da741731-7654-419b-b668-bdd23f5f36c2,Malina,Povele,XJD,Beer - Mcauslan Apricot,$86356.53
811030f6-0dab-4f39-9fec-85af0612045b,Hyacinth,Harradence,YGW,Longos - Grilled Chicken With,$830383.93
a461e863-f648-4ada-aa41-2994cd25f561,Helge,Eilhermann,DDP,Cauliflower,$272671.67
ca347876-c3cb-4b37-bc18-7b57307b5a93,Ebba,Kyffin,QNC,"Pasta - Rotini, Colour, Dry",$577357.20
175494be-1934-4c65-a6f6-a4c896997b5d,Rodolph,Hutsby,MVC,Tart - Butter Plain Squares,$170007.43
f8d1fb88-f73d-40a4-b60d-36a7ca6853c7,Ly,Towriss,JUO,Latex Rubber Gloves Size 9,$615777.96
8bee2094-6370-4a9c-b1c1-ba71465f633b,Jake,Feldhorn,LOK,Nori Sea Weed,
58175728-8a36-4931-a065-8b27fec70ab3,Helen,Brane,MQB,Egg Patty Fried,$810900.88
4cdbca04-23bf-4d3a-a4aa-0df30edc97f8,Yancey,Oates,ODH,Fuji Apples,$322053.60
046ea14c-491f-4e4f-b499-7986449e8df5,Taylor,Tilbey,YAI,Steamers White,$705129.86
f9e7f5d4-0663-45be-aab7-c395da8ce777,Conant,Erwin,TPE,Cranberries - Frozen,$387787.60
ef038686-9725-403e-a5cd-fd0dd875ad1f,Norman,Anster,PES,Bread Country Roll,$580163.00
1a6a6761-de38-4a0e-ac69-bf9c709df365,Stirling,Elverstone,CRK,Ice Cream Bar - Hagen Daz,$553824.29
0d793790-506a-400b-9b3c-834c1bc07da3,Yancey,Skegg,DOX,Pop - Club Soda Can,$768081.00
148aa2f3-031a-411b-9d3e-9dcb9a14a8c7,Victor,Cawthra,MHB,"Nut - Chestnuts, Whole",$816687.40
7e694ca0-5f7d-45af-bfa3-6328670b9dbf,Cyb,Cathery,MXD,Puree - Mango,$717379.86
330e5718-dee2-4e55-b590-5a28d1f9d1de,Abie,Steptowe,ELX,Wine - Ej Gallo Sierra Valley,$689333.05
ec54b632-30e9-4512-9f88-096ab2912188,Kizzie,McGougan,TGT,Beef Ground Medium,$593654.90
ec9beabe-2f82-43f1-a3c6-226241579d98,Clari,Gohn,ZTU,Wine - Montecillo Rioja Crianza,$531446.71
65b7ee4f-919d-468c-9926-bc756c272ad3,Zedekiah,Daldan,RHE,Squid - Tubes / Tenticles 10/20,$168463.48
548c67dc-649b-455d-8d12-4cfae27fa722,Fernande,Atto,JAF,Orange - Blood,$818041.97
dbcb2c0f-6945-46e5-b417-09a45bf8e820,Giorgio,Lindback,BBH,Appetizer - Southwestern,$646605.94
4f022bb7-abf3-4c6e-b0da-702f25786de2,Martha,Bentje,PGV,"Orange - Canned, Mandarin",$420494.31
88992ca4-8265-4e14-90f9-722f65d46c5d,Halsy,Beswick,PIK,Sea Bass - Whole,$419675.04
bc3a075e-be2f-4ae9-8364-0d873a39812e,Francois,Matiewe,FBY,Cheese - Sheep Milk,$834580.92
3c06fb17-4d12-4b4f-84ee-c83904bda099,Lorne,Cassel,GGR,Spice - Montreal Steak Spice,$490006.99
3381db5f-985c-4b44-b8fc-32275b8a3e92,Pasquale,Sleit,CLP,Seedlings - Clamshell,$372980.51
158c8b9a-338a-4d97-8110-80b2c2a6482b,Bancroft,Paskerful,PYJ,Goat - Whole Cut,
2269bd68-cb49-45c3-a274-e911ed8709cf,Nerti,Farnin,BPY,Banana - Green,$101978.34
6f91f01a-7617-4802-b448-22706a5f5a5e,Paulette,Leeming,BNS,Urban Zen Drinks,$862321.95
d2f160ab-790e-40dd-92cc-dd28a2505c3f,Kathrine,Garmston,NAI,"Wine - Red, Metus Rose",$190144.67
48318c28-b3f1-4e21-ae23-c17614ec3e75,Delila,Naismith,HUO,Sauce Bbq Smokey,$852597.85
7f72b0e4-2450-4e6c-ba37-4e975df6f070,Hugo,Loeber,CTG,Lettuce - California Mix,$299011.56
cde733fa-285e-4dbd-9a71-ac830fea83c0,Base,Scawn,AIV,Lobster - Cooked,$408044.36
59b247c0-36d0-4bc0-80c9-536caadd3e9c,Bartholomeus,Franzel,HUW,Pepper - Cayenne,$421810.16
27b670a3-c9f4-4020-aa47-f9a9ff9cc768,Grannie,Clacey,TLS,Jolt Cola - Red Eye,$863587.93
234bac43-9f37-4923-b752-b3f6ba7cc6cc,Gunar,Gierok,GTN,Dill Weed - Dry,$578429.43
5c3b5a6d-0d32-4fc6-a02b-cc6edc89b2ba,Hugh,Bath,KKM,"Pork - Butt, Boneless",$492329.25
5c9fca7d-9cdb-4a09-b49c-1a21f20a48d8,Mirabelle,Ivasyushkin,YWJ,Mustard - Individual Pkg,$739524.12
3511c3bc-69c9-440e-941f-8b8304272a8a,Art,Coats,TLP,Cake - Dulce De Leche,$952078.64
4be38fdb-5113-4317-bff1-4279e6604b08,Chrissie,Chestle,CZH,Napkin White,$958312.60
60f5d472-6233-4958-802f-1cca1520ba67,Georgine,Mill,BVG,Appetizer - Mango Chevre,$240546.83
9172090d-7d98-411c-b5ed-b79eaaebf199,Jammie,Straine,KLW,Cocoa Feuilletine,$591952.83
6d33f0ea-08e4-4a94-9dfd-36b76b76ad50,Roxi,MacAllester,ILE,"Pasta - Rotini, Dry",$424348.86
e00a48bb-1d10-4eb8-83dc-96d79c48a111,Clarine,Simcock,WIR,Beer - Heinekin,$399728.32
5c6aa92f-259e-4898-8211-415cfc78360a,Clarke,Jorczyk,MGT,Milkettes - 2%,$57403.51
7ba37715-7ab6-447e-838e-1a485d76bcad,Judie,Sarfass,UAM,Wine - Casablanca Valley,$898983.83
ba41f4b6-9de6-4909-b513-6cfc688dbe8c,Verna,Skill,PYX,Pepper - Chilli Seeds Mild,$704135.38
70c35075-04d5-432a-98a6-f9d922a7d397,Katie,Merryfield,WEM,Ice Cream - Vanilla,$494938.61
2b0d3f5d-97e8-49a4-96ff-ed3f3595223e,Nalani,Casero,OLB,"Cheese - Brie,danish",$852198.68
adf5cf43-22c7-4c8c-95ea-b4134fb78f55,Brian,Mathelon,KAI,Cheese - Victor Et Berthold,$556521.39
3ab65456-4e17-4e3f-8731-dcbdc54b2c66,Leia,Magovern,0,Cookies Oatmeal Raisin,$773369.54
0ce715f6-5c93-4d78-a5f9-657e6b0724d0,Hatti,Eaddy,ACO,Pasta - Ravioli,$152584.38
3943acd1-0b13-48dd-b4d5-63e4d30ea148,Dory,Frier,SEU,Coffee Cup 16oz Foam,$75802.43
957612db-63f6-4af7-bc56-a9fd3c74bcda,Minetta,Jakubiak,XLU,Wine La Vielle Ferme Cote Du,$906745.85
28ae5b76-f9bd-4653-95aa-e6a20dfbcb77,Chandra,Billborough,VOT,Soup - French Onion,$773613.34
ae17e1f4-1c41-4228-80bf-55fe99a57822,Cort,Harrison,KPT,Venison - Striploin,$781624.76
e5a842cc-653a-4500-9030-49b354bd41c1,Hercules,O'Kennedy,BLP,Potatoes - Parissienne,$543099.56
88f2a4a7-a9e8-4928-ac10-34d8f51d4acb,Maryrose,Blackaller,NCG,Bread - Italian Roll With Herbs,$268016.19
ec81c21d-7fa9-4bd8-ae7e-14ad673432d9,Tandi,Folliott,FTI,Beer - Mcauslan Apricot,$361880.50
01536f42-8c45-4e18-9d89-ecbae0e433d1,Rolph,Gonthard,HRA,Mace,$925962.28
4af5b4b8-d9eb-4c2f-b720-9e38c8af7a41,Constance,Cowgill,TAS,Chicken - Whole Fryers,$116256.70
55c25a5d-1f0a-4ace-9dab-ac9e7d9b2517,Zorana,Cunnington,TEZ,Squash - Pepper,$916581.88
39c85c02-5186-4577-a904-fddfb435e33f,Neala,Bertomeu,UKU,"Nut - Hazelnut, Whole",$174323.76
18129ea7-01ee-495d-9870-a6b1ca2b4cd2,Anthe,Burnyeat,TPX,"Tomatoes - Diced, Canned",$459447.34
e9245ece-8dd6-4cfa-a15c-6ee68223b610,Dedie,Mc Queen,DOI,Sole - Fillet,$924612.31
1e2540c9-5652-467b-912a-df26d3242965,Claudelle,Dossett,OAR,Grapefruit - White,$200467.11
d385addf-ff06-4195-acd9-5fd768bf12cc,Norbie,Muscat,YRS,Sugar - Palm,$723051.40
029d753c-6eeb-4f0a-a0f9-0ff75564576b,Dyna,Kores,ISN,Tomato - Plum With Basil,$898081.10
e601ec44-4bd8-4a23-b431-91b25877bfd7,Paloma,Kloster,CLL,Table Cloth 54x72 Colour,$810490.54
f20233ff-228b-4650-840f-c7514aae08a1,Jana,Jansen,BHE,"Fish - Artic Char, Cold Smoked",$254770.64
a7926643-2e60-4b45-88ec-8f559fc5167d,Creigh,Scown,VIG,Puff Pastry - Sheets,$116398.71
a1175c0a-76ad-441e-be4e-ca33eb307b3b,Kerianne,Feaveryear,CTX,Pepper - Jalapeno,$382407.50
edc2529b-e2a1-46c2-a00d-d9d710495b79,Tannie,Heball,DLA,Cherries - Frozen,$416375.44
953618f8-f727-4e00-a989-80668afd6c1c,Eloisa,Forsard,PIC,Veal Inside - Provimi,$331250.30
b4bb3dae-5da3-4177-9e1b-6beb01a0f139,Benoite,Grandham,MGA,True - Vue Containers,$697628.24
72083328-f6cc-4d42-aabd-b77bde111bab,Rinaldo,Advani,YOG,Lettuce - Red Leaf,$611699.29
f7f8808b-9b30-4b3a-a847-4e65887da892,Eulalie,Peres,PUW,Sauce - Hp,$447431.52
09fbe393-e157-48c7-919b-5f33eeafdef9,Tiebold,Rosenkrantz,ERN,Cleaner - Bleach,$865842.07
8a399b67-ddc8-4efb-a3b1-4e3ad9e03976,Malissa,Tebbitt,BHS,Lamb - Rack,$920237.33
816e5d32-d047-4e47-b4ad-6d9ae435b1bf,Kala,Kedslie,BOW,Bread - White Mini Epi,$268057.38
d96e75df-c5de-42e7-b42a-7efd0711ddd2,Derrik,Chastagnier,HLP,Nestea - Iced Tea,$828451.57
797c48cc-d229-4eff-a15a-e4400e561e2a,Darbee,Sprouls,TAV,"Pepper - White, Ground",$993675.14
6eaf5415-10a8-4903-8072-61cb0aff5a82,Brantley,Yate,NLU,"Rice Pilaf, Dry,package",$556189.42
83009c44-e97e-4d12-97a6-8fff6642df90,Paloma,Lopes,ENS,Shortbread - Cookie Crumbs,$615219.75
426b957d-18e6-4b12-96b7-c4c8f8d980f5,Kaela,Scade,LUN,Red Currant Jelly,$325354.31
965153ce-d4ba-4647-ae2a-20c9a1ae7d2a,Donella,Hurtic,DEN,Sugar - Cubes,$978050.82
67d67673-fda7-4f93-b8f1-aed32279d773,Carita,Warratt,FEK,Spinach - Frozen,$350674.28
2d4b7368-46e0-41fd-93b4-e8ed0ce82f5e,Rory,Janse,VAD,Tea - Herbal Sweet Dreams,$944964.68
af572d9b-25ef-4f01-ac86-22b4c8006c7a,Anselm,Chimienti,LOH,Toamtoes 6x7 Select,$9328.52
1ec6ca48-65b0-415e-866b-8a421ef02647,Louisette,Crumley,NAY,"Doilies - 5, Paper",$763676.69
99f0c5bf-5bd3-4d68-a9c2-59175f3be22a,Mattie,McAusland,HRL,"Cheese - Woolwich Goat, Log",$986518.86
f6746bb9-cb2f-46a4-964f-2c46b5dc03f4,Timmie,Brandenburg,CIK,Mcgillicuddy Vanilla Schnap,$44025.72
f4ed2351-85fe-492d-8251-3ca7ec329f8d,Vonni,Raitie,SZA,Tomatoes - Heirloom,$604180.56
27cef1ca-a891-474d-8d16-71d9e9efdcb9,Blair,Mallatratt,LOY,Hot Choc Vending,$238026.19
d3ee20d4-07a0-4890-8c65-65dbaf02d120,Florentia,Smeuin,OGL,Wine - Blue Nun Qualitatswein,$477897.41
aa6b8fe0-8f11-4ef8-90ae-f6c4a28c7d60,Cosmo,Whitebread,MKV,Truffle Cups - White Paper,$613106.40
6fd52e5a-aa16-4667-9de0-01c0191d3365,Happy,Pachta,MON,Cocoa Feuilletine,$761972.36
7a7ed165-60ef-42aa-8e71-d5f6fd1e85d0,Enriqueta,Vedeneev,BXH,Beer - Muskoka Cream Ale,$427814.76
376497a9-d5cb-438d-8d1c-8da726c4e349,Dun,Leban,VAO,Tea - Herbal I Love Lemon,$398705.06
8d2407aa-c11d-48b7-ba62-9989814d6ed1,Tallia,Kigelman,OLF,Rice - Long Grain,$472862.74
95ec7b92-4f22-4ed3-8f52-1c7725a0e800,Florri,Dewitt,PCP,Remy Red Berry Infusion,$276446.57
6253aa6e-ad96-4c22-bbe4-a225ee4c8b45,Dianna,Laugier,WAV,Cheese - Parmigiano Reggiano,$181947.28
cd5af5e3-3ce1-43a3-be72-99b0fa500115,Anders,Wickmann,ART,White Fish - Filets,$103081.88
c1b50924-f799-4a03-9e2d-59d5d51989e1,Lorry,MacCaughey,RDN,Fruit Salad Deluxe,$341254.90
01f5ad9f-8468-4653-b14c-67fdae8d0b0f,Lamar,Lain,CCA,Dried Apple,$394485.59
58fbc659-337e-41cb-b214-a93e8770b5f0,Torrin,Roebottom,GWL,Beer - Guiness,$569967.82
590d6514-6f51-42ee-9a4f-bacaf6ab7472,Sonnie,Methven,ONG,Squeeze Bottle,$356771.80
cc9227c0-e1d2-4aa4-a196-8a02cfa6d7d2,Griffith,Vanner,CZP,Oranges,$480287.16
bb7fedd5-5d16-43a8-bc05-5dcf8ebcb86a,Batholomew,Kinchin,ILF,Schnappes Peppermint - Walker,$357190.27
f66391d3-a5a6-4d09-aa47-134b060314c9,Doris,Denisyuk,HVS,Pepsi - 600ml,$569760.69
ecc978d6-5001-4b39-aa61-dd834674c367,Anny,Kepling,MLN,Miso Paste White,$362814.01
2effbb86-234b-4449-9146-bb4c32393945,Molli,Fiske,DOX,Pineapple - Golden,$742933.64
25015cb9-afc0-4517-a748-1d91533841af,Genny,Illing,BMO,Pepper - Red Bell,$782644.83
23ffc1a1-f58f-476f-93fe-db7aadbe9a42,Darrel,Brahmer,MER,"Pepper - White, Ground",$812851.24
546c6a58-f03f-438b-89ce-461c16076b6a,Caroljean,Greydon,DLL,Cherries - Fresh,$768014.53
01862799-6790-4eb1-bec3-80e7e6483f2e,Tybalt,Watmore,IFP,Baking Powder,$719232.79
b971b2ce-4a18-4e70-b970-0b982bb69bba,Georgianne,Patchett,DES,"Oil - Food, Lacquer Spray",$621337.12
2fa54b9b-7d61-4a37-a53d-0dedc228ad36,Deni,Rumming,CSI,Pasta - Cheese / Spinach Bauletti,$940359.37
da3f446f-5bfd-4c0e-b251-668b0b2cda98,Meryl,Fraine,KNK,Otomegusa Dashi Konbu,$92879.88
734980f3-5a7d-452e-a564-649e80ca5ffb,Jerald,McCauley,ADO,Cassis,$757938.19
12ce11b7-0105-40aa-b53f-a43dc00f0ab7,Vidovik,Furbank,STI,Grapefruit - White,$386159.05
0a4fa148-3082-44c8-824c-509fed111f27,Emogene,Warn,HRT,Ezy Change Mophandle,$816867.00
282aa9ea-b355-4f18-a420-1ecafc411e08,Elvin,McGilroy,SMD,Chicken - White Meat With Tender,$833874.44
a4ded0b0-90b0-4a0a-b44a-c56920e1a2b9,Tawnya,Hirthe,MNJ,"Artichoke - Hearts, Canned",$761162.24
3719294c-f0c1-4779-bfe2-435b4425b5d9,Morey,Boutwell,LNR,Chinese Foods - Cantonese,$736713.36
d24a8831-67ef-4f4c-9f12-ef7047ece838,Olympe,Luce,SBV,Green Tea Refresher,$832230.69
9df3b09b-9507-401d-b919-67673decdf7c,Abie,Saker,RHG,Chutney Sauce - Mango,$572906.86
4b3cf34a-e753-4c34-b0a6-b78d7a0897b6,Susann,Divine,JOI,Muffin - Mix - Creme Brule 15l,$841487.28
5b948d53-3572-4cba-b857-ec32dc227d87,Humfrid,Toombes,GGW,Goat - Whole Cut,$326633.97
a76d7f67-6cb3-4545-b62c-9eaf96f1e1b1,Vickie,Harral,MFI,Jagermeister,
496b5173-2a63-4c4a-af9d-d8e23c8a701f,Hilly,Mash,RJB,Wine - Placido Pinot Grigo,$978646.25
6de9982f-6541-475b-8b33-cc8ae5c42359,Obediah,Swanne,NCH,"Split Peas - Green, Dry",
3a853157-4dd0-49df-9cf1-9146ff3f46a5,Rivi,Thynne,LPG,"Pepper - White, Whole",$216486.88
dbd43a04-78f4-48d1-9312-e7bfe0546fae,Carr,Simmonett,OGG,"Syrup - Monin, Swiss Choclate",$905983.67
8f339537-8d23-410e-8d26-1ed9b76710f5,Emilee,Panton,ITB,"Pork - Bacon, Sliced",$887325.74
21a08b88-a0b4-47cb-8192-f5d96f6b9a9c,Hershel,Dominici,FMU,Chocolate - Mi - Amere Semi,$631511.18
9fe529ff-9460-4050-b8e5-f125b0b573e2,Lizette,Scotney,MDQ,Pork - Bacon Cooked Slcd,$958043.52
faebd330-35d1-4520-b922-5641e3d3946b,Mamie,McCaffrey,BGP,Oven Mitt - 13 Inch,$493143.35
28053f6d-6b9e-4c17-9435-92ad9437d149,Jamie,Pabelik,PNK,Whmis Spray Bottle Graduated,
5883f7d2-771d-4f2f-ab66-439765b643dd,Auberta,Abramovitch,CFS,Mangoes,$789149.93
c3249bd3-a85c-40a3-ab5e-c83a86bc7531,Rip,McKinney,HPG,Huck White Towels,$116124.49
7ea5e311-7d40-4a47-8157-96ab21d4cda3,Bambie,Joffe,PLN,Flower - Leather Leaf Fern,$306747.40
9b3bd3a2-0ffb-41f4-8d58-e78da063ec45,Elane,Castro,TGK,"Juice - Clam, 46 Oz",$878860.76
cbd6476b-9477-45fa-963e-d047b9183280,Inessa,Hacker,RVR,Eggplant - Baby,$675339.24
e5a18760-c73c-4419-9138-431f4f4884ea,Roth,Ketteringham,AZB,Onion Powder,$425296.30
96cc2c3d-15d1-4206-8156-048830c9d1a6,Julia,Tailby,PBQ,Flounder - Fresh,$166679.36
2c4414be-1892-4bab-8959-53e4db86855f,Friedrick,Dowsey,GFE,Mustard - Seed,$335717.82
28e846eb-4ea9-4b53-aa56-abcced6db6f6,Tiphanie,Rettie,CGH,Salt - Table,$281985.41
7d6f9972-58cc-43d4-bb6b-e0251ac38e79,Brigham,Adney,DRU,Wine - Cotes Du Rhone Parallele,
faf92cfc-4ff8-4fa4-b094-9cd07c4a19a7,Ruthy,Naughton,YGJ,"Loaf Pan - 2 Lb, Foil",$74719.21
aab0095a-165e-42ba-8024-880f8d0edfbe,Teressa,Hanhard,SMP,Huck White Towels,$438988.91
f7dcacc9-1976-472f-ab1b-b65221b6cd86,Rolfe,Ollerhead,JUZ,Capicola - Hot,$165666.27
76b7f6bb-c132-4dd4-b6a3-9e581b341a7e,Langston,Coddrington,FZO,Southern Comfort,$311891.43
16594d05-d911-4b9f-9a76-57cf0e622839,Willem,Yglesia,ERC,Lamb - Ground,$517462.84
2636c72d-8eb8-4dc5-bbd4-eeed3646b14d,Celestyna,Vouls,IKL,Spice - Greek 1 Step,$189297.99
99a30221-28f8-46c6-97a1-11f9546dad2d,Esta,MattiCCI,MIP,Cornstarch,$524840.73
7442b339-b8d0-466e-a0e8-48e3a149b92f,Emyle,Filewood,OLM,"Vermouth - Sweet, Cinzano",$875577.19
79e63eb7-bbf0-46be-a944-556f582f443b,Alfredo,Cicconetti,QPD,Cheese - Cottage Cheese,$399957.38
479202cc-ba10-4c20-9bc2-098dc52e0b9e,Joell,Pechold,SXO,"Oranges - Navel, 72",$80667.76
cb9bbbde-6535-405f-9332-907bbd8d902b,Nilson,Levene,ZQW,"Lemonade - Kiwi, 591 Ml",$390055.19
e80dd86a-293f-4096-879f-50acae892321,Laurent,Hourihan,ROZ,Juice - Happy Planet,$97055.62
0e9c455e-a9cd-4c30-afc9-6c93fbc2171c,Kelly,Ruspine,YQW,Grenadine,$708795.10
56fe19f3-ef84-43f3-bf53-2c1578dd8ea2,Marven,Lethabridge,TXF,Crush - Cream Soda,$79208.79
7652e8f0-c8a5-46af-9a42-af8bb0566b72,Ileane,Laite,NAA,"Pork - Chop, Frenched",$24643.36
708d46f2-77bf-493b-bba0-fa7648e37fbb,Adamo,Snelman,MIJ,Jolt Cola - Red Eye,$697662.81
3e1d5ee1-ed5e-417e-b777-a8ccac16f483,Aleece,McCaughan,CBU,Cake - Dulce De Leche,$124980.56
b1d54e1e-0a7e-4022-81b7-e8645dbe4eac,Erica,Piner,ARP,"Beans - Turtle, Black, Dry",$955073.67
019ac28c-e2ca-42a3-b42c-3552454a80e7,Marcel,Petyt,SKZ,"Apple - Delicious, Red",$774082.53
cd02d5da-b70f-4ac1-b181-58e12522f5e7,Silas,Soro,BIX,Cabbage - Red,$251610.66
5b7976d3-0448-41da-b332-d1170478d091,Colet,Eldered,OHH,"Sauce - Apple, Unsweetened",$465358.03
48054f6e-2b90-4a82-8a00-54955c0be4f3,Kenna,Dimberline,TAQ,Apron,$948855.10
b0fb6598-99c7-48b7-881b-0e357d937e46,Alain,Courtin,SHI,Beans - Yellow,$136682.48
e4eb37a6-3399-4d0c-8297-d966f9fc01e8,Steffane,Wallage,COZ,Rosemary - Dry,$759100.42
4e747656-8547-4522-9461-41973abf851e,Marabel,Bleasdale,NYO,Buffalo - Short Rib Fresh,$811364.80
84e58c93-39bc-47e4-83f5-638d3f78bb9a,Inge,Barnham,TSA,Crackers - Soda / Saltins,$833424.18
a3088f3c-06bd-4064-9972-cc25ee9e7365,Brandise,Ellacott,CPQ,Wonton Wrappers,$878708.15
77b6d4b8-f4f4-4dbd-a620-290989233b49,Nels,Barnbrook,RSL,Bamboo Shoots - Sliced,$134436.20
71f13377-8dfe-4eb1-99cf-ca5bb896de61,Krystle,Whalley,PVF,Snapple Lemon Tea,$812716.53
46b811c7-0c32-49dc-9097-b783176f27e8,Faye,Kemsley,ZKG,Flavouring - Rum,$949400.98
45c6c801-fe00-4525-bb25-61a8bb78550b,Piggy,Roxburch,KTS,Garlic - Peeled,$921691.03
4945dd89-2862-4b7b-8984-9e5d6425f673,Ermanno,Janouch,DBM,Couscous,$854740.61
6b9c31cc-edea-4ecc-8904-1a6791c5ce1c,Madison,Elen,CJN,"Zucchini - Mini, Green",$350617.31
cc89fe3a-5171-4d8e-9a82-72c52472c40a,Danya,Fidler,CIM,Soupfoamcont12oz 112con,$12334.28
4e955585-ff62-4ea6-a73b-c8445f79bede,Frederich,Gamlin,JSA,"Octopus - Baby, Cleaned",$332604.40
bafc1e54-9cf1-4672-815e-ee4005c0d391,Genevieve,Ouver,NLU,Ecolab - Medallion,$407280.89
6a4eca5a-705d-410a-9717-4b54a83a5d12,Shurlock,Cottom,GYL,"Pork - Bacon, Sliced",$114506.91
c9200125-a734-4836-acf6-c053b65efade,Darci,Maisey,BYQ,Buffalo - Tenderloin,$70345.84
5902ff39-0acd-4c4d-b1e1-4fbc68120da3,Cole,Barrasse,TVI,Mustard Prepared,
a8b1d5ef-b770-477e-87c5-50712e985d43,Jordana,Klimas,CDJ,"Pork - Tenderloin, Frozen",$918235.14
23ff3f07-9535-4df5-8d1c-c0a3fb2d4745,Nevin,Buglar,ZLG,Beef - Ground Medium,$882940.91
fe72a0ae-0e5f-46f0-8bf3-3059bac4afb9,Salomo,Drury,KBO,"Cheese - Boursin, Garlic / Herbs",$318433.39
85405781-5612-4579-afcf-1f1dd3825af4,Lela,Earnshaw,KSL,Mousse - Banana Chocolate,$376954.76
e9669754-f31a-494a-892c-44dd40200922,Hamid,Diche,PTK,"Nut - Peanut, Roasted",$879065.16
35ffd51d-b79f-4eeb-bea6-67dc3c0926f8,Thomasina,Siward,LSX,"Soup - Campbells, Spinach Crm",$390583.46
7c947b08-ca73-4886-ba69-87eeac39cc51,Blakeley,Reisk,UNC,Shrimp - 31/40,$975259.71
763b33e1-575e-4ebd-88aa-de84f70bb4c5,Vincents,Rounce,ONJ,Daves Island Stinger,$349614.24
9585be84-d744-4737-b494-11f1e1673135,Hurleigh,Raulstone,BIG,Rosemary - Fresh,$17058.59
5a4dfde8-567f-4505-8247-b0dc3d53b2e8,Rochette,Bronot,AOG,Lamb - Whole Head Off,$951303.79
dd03703d-31c2-459e-acfb-50e83c5a8e55,Jerrie,Toplin,LDC,Calypso - Black Cherry Lemonade,$36643.41
4804826d-74e5-4ce9-9c30-2493881772ec,Mahalia,Aggott,WTK,"Juice - Orange, 341 Ml",$259083.08
79b6ac77-2049-41e3-8565-4aa38d5e1496,Perry,Jamson,TFN,Seabream Whole Farmed,$180013.95
898e3cee-e2e0-4b0f-a077-d26b6d5d8a09,Deloris,Westphalen,OBI,Swordfish Loin Portions,$692590.52
f0ba0794-138a-459c-bb7a-b4d4e07fd62c,Mordecai,Jaulmes,PKH,"Pepper - Black, Whole",$138115.54
83f559e2-24db-4e9e-8d7a-f4889dfd9686,Alisa,Buggy,BVP,Bag Clear 10 Lb,$195913.09
aa446b39-8fbe-48b4-9dc5-82b45eaedccc,Diarmid,Brunn,CIT,Emulsifier,$217200.19
e5d59340-6b02-48ad-9030-2a5bd285de7c,Kelby,Philcox,WUA,Wakami Seaweed,$397064.81
7d8f086c-83d4-42d7-8c39-d55d2e3bea91,Lane,Catford,ALY,Corn - On The Cob,$604498.02
f70e1fc7-a641-4784-b272-6d59fb1a393a,Roddy,Igounet,TGA,Pepper - Red Thai,$585260.04
5fc97bce-4817-47a8-9ead-6bf8770b8984,Carissa,Durtnall,YVQ,Spinach - Packaged,$19163.22
4d94f4a8-3907-4ebd-b9a4-6747e7835da9,Kenon,Merriman,UTO,Lamb - Rack,$106793.04
b8a5cd7d-c2ee-4d75-a87a-861b790318c6,Anatollo,Harler,TLP,Cardamon Ground,$648687.96
c9df5221-0d09-4e58-9e2d-7ffd951dff59,Tomaso,Jimenez,UDI,Whmis - Spray Bottle Trigger,$415395.00
552b6d4f-469b-4eb2-b264-c9a7c7a1dfe8,Boyce,Stirgess,BGD,Cocoa Powder - Natural,$303000.59
8ae6fda8-00a2-4160-8968-20cf9d1b2574,Marya,Chazelas,YZS,Foam Tray S2,$882690.20
d5cd40d7-08d6-4188-a580-6053ee28fd43,Omero,Bartalot,KUT,Bacardi Limon,$700853.95
4b0fb4e4-748b-4774-889b-5cbd4d09e2e7,Casey,Elnor,DXD,Table Cloth 62x114 White,$518367.07
654afb30-22e5-4c37-8ce1-f6b1ed4d9a34,Dwayne,Carleman,BUA,Cheese - Goat,$235716.80
1f30d4f1-91e5-437a-bfc4-07fb23151fc3,Sindee,Males,WWR,Wine - Chateauneuf Du Pape,$50345.40
82ab0d18-3de7-4503-af29-466ba57fba26,Filberte,Joselin,PET,Cheese - Shred Cheddar / Mozza,$742910.20
90995a8a-adda-43d6-9199-49e45fa03390,Phedra,Bracco,EPT,Wine - Prem Select Charddonany,$828224.51
3bdb02e0-d10c-4353-a8fb-267da43cc41d,Stavros,Chinge de Hals,BYA,Anchovy Fillets,$401485.33
5353c45c-b925-46f8-bbc5-f93960f5826b,Adrianna,O'Heagertie,YLS,Oil - Pumpkinseed,$197627.97
49f91ee2-50dc-4657-90bd-e1919415f94e,Avril,Tremblay,EMG,Duck - Legs,$191707.15
b24a3c54-a8a7-4302-ba36-8062f4eead25,Kiley,Isack,LMQ,Beef - Bresaola,$849527.42
665a84f5-30e5-4571-95ea-f9c5f420aee0,Bettine,Dyers,THB,Brandy Apricot,$909251.20
3cd13180-43dc-4783-8c9d-a8913d3a8c63,Christyna,Bavidge,PGX,"Sauce - Bernaise, Mix",$688230.52
c84cb0be-a57d-4fa7-a38c-0847abe0de12,Madalena,Dowrey,QSN,Water Chestnut - Canned,$979262.11
3298081a-514c-441f-9f7c-65409d52bb7d,Hyacinth,Grimsditch,CYU,Propel Sport Drink,$746115.05
6738cc5a-bd5b-4611-86f2-9cfbb8089f49,Niven,Boughey,ECR,Bread - English Muffin,$737728.71
027f2114-c208-4c40-939c-4e311369cabc,Josepha,Columbell,WJF,Bread - Bistro Sour,
439b9d85-7abf-4a30-a586-d7c2100210fb,Gizela,Scandroot,SYD,Cheese - Parmesan Cubes,$408492.42
e54bb222-0b24-4699-9c53-aeaa62d4baf8,Ebonee,Heskin,ASU,"Wine - Red, Antinori Santa",$805880.30
29988a45-722e-4967-aa23-733dfe8cdf5f,Leanora,Corbridge,BTZ,Containter - 3oz Microwave Rect.,$206522.22
4f9d3362-48dc-4cfa-9ea8-f863af80ac8b,Ginger,Petch,MJG,Shopper Bag - S - 4,$992310.82
61345e37-5136-4246-aebb-3d9ac5572d80,Aimil,Vedstra,BPD,Wine - Jackson Triggs Okonagan,
4c855e21-b0f9-475c-a74c-465468340279,Marwin,Upshall,HTA,Versatainer Nc - 888,$541105.67
efa3e632-1856-443c-93b5-ebf2cb4197e9,Madelene,Winfield,JNU,Beef Flat Iron Steak,$431946.97
631248bd-ce41-47b7-9d98-485cf06f4835,Richy,Casey,SYJ,Pineapple - Golden,$535069.55
b2fbbd10-bcd1-41ad-9d60-2476880c8826,Iolande,Allans,BEE,Sprouts - China Rose,$325256.37
faa7bbbc-c0dc-4eb3-8374-da8779ec0c09,Gale,Hallett,CYX,Crab Brie In Phyllo,$724379.18
89958812-30d9-4847-918c-f3ccd672c2d3,Lorine,Ozanne,HRB,Fruit Mix - Light,$932152.07
4e7e7790-c025-4cbe-968a-bdc26d0f6b4c,Krispin,Bowdery,EIN,Towels - Paper / Kraft,$622987.80
64d21ffc-e672-43e6-9ba2-f663977082c3,Raf,Jurek,MYD,Wine - Magnotta - Cab Sauv,$860845.35
2800568b-9768-47fb-b506-e8427c391bc1,Jaymee,Nolin,PDN,Mushroom - Crimini,$788971.14
332d9488-2d95-4a16-acba-1c401d7daa0e,Vick,Neale,GOR,Paste - Black Olive,$389414.91
15298b2e-11a2-4927-af4a-36edcd0aac5d,Carmine,Paolino,WSN,"Octopus - Baby, Cleaned",$528775.47
6c72499e-7179-4d2d-9896-a5ad330b1df5,Horten,Hendriksen,OKU,Tea - Apple Green Tea,$366380.26
ac16c9f0-a3ae-41cf-ab08-354f0e73c13d,Nevile,Stolte,YZW,Miso Paste White,$646786.04
32311a01-1242-4160-8293-d32e2b9d0d14,Bethena,Grenter,ZQN,Mushroom - Chanterelle Frozen,$481569.57
c3285e96-53d2-4a1e-afca-b8b493e3afce,Derk,Headington,ZSA,Pastry - Cheese Baked Scones,$578232.04
98fc48c6-7c36-4fe1-a8ed-74196f11d753,Byron,Sinnatt,MYQ,Carbonated Water - White Grape,$921326.12
ab9d8d68-182a-405d-b8a9-87217ded96fd,Tarah,Charrette,TEU,Bread - Italian Corn Meal Poly,$435782.79
4f0cf918-bc6a-4c89-a580-63ed6bd3041d,Amargo,Royson,OYN,Chips Potato Reg 43g,$22016.64
99a4aa1c-0672-4a27-add9-2c63d35c99f9,Jeane,Stollenhof,LHW,The Pop Shoppe Pinapple,$486476.85
12ca1d5c-4828-4e40-b2a4-79988ac425dc,Marv,Goldthorpe,WTL,"Pork - Tenderloin, Frozen",$122291.22
97ffb152-0050-463b-a683-de1448fdad2b,Duffy,Yaknov,KHC,Vodka - Smirnoff,$266150.48
f00c87a2-6541-4c19-bbcf-0850d37aff72,Brewster,Pelos,JNN,"Pasta - Cappellini, Dry",$527464.75
a0fe19dc-3d63-46a3-95d6-a1355dc64c68,Christoper,Grisewood,DNQ,Grapefruit - White,$713076.67
c38910b3-e31a-43a8-9d46-58fc44a1d7b4,Dorene,Trappe,SIN,Juice - Apple 284ml,$287000.16
82e41503-9f89-459a-9175-855a19e8d26a,Hirsch,Joselovitch,FRM,Vector Energy Bar,$513635.13
b37639c6-bd87-40b8-a931-c8ce674e0914,Tess,Beale,TKP,"Liners - Banana, Paper",$235742.22
3c5e39cd-a37f-44ee-9508-537a3f29b162,Sarine,Baudic,SIJ,True - Vue Containers,$825212.37
97a3d32f-d75e-466c-9a01-0419a3a950a7,Becki,Blaze,PKT,Calypso - Lemonade,$757810.60
a449f068-1d7c-442f-ba9d-3ded3efdc295,Diane-marie,Gapper,JAB,Beets - Pickled,$857167.19
80ac4cd2-dc47-4cdd-80f1-9978a86c81a3,Tris,Gabbitus,WPM,Pepsi - 600ml,$173595.97
9c3f8a88-7865-4f12-88b4-e32775ed5027,Roze,Fulkes,BXH,"Bread - Roll, Calabrese",$549848.93
8055327d-3b86-43ee-a8f7-ed3c46b7b922,Dru,Baversor,MIA,"Juice - Orange, Concentrate",$393967.19
22458361-4cae-43e1-a7f5-496e004804dd,Zorah,Chaudret,CKA,"Tortillas - Flour, 12",$635098.75
f74bc3bd-5924-4338-8c62-a99a5c1d67da,Boniface,Ladon,YFJ,Soup - Cream Of Potato / Leek,$604955.12
3e160373-c1a8-42b5-8184-7921ce83cfdf,Deni,Guare,SCX,Veal - Liver,$308948.48
f59f46b5-9305-4c80-84c8-b8f2984dd61c,Gil,Putt,MWG,"Iced Tea - Lemon, 460 Ml",$486995.68
d66383d7-6669-4b13-a3af-a6e564e98367,Randy,Boobier,KVB,Island Oasis - Raspberry,$440289.12
f1f17d74-a250-493d-9bc2-bcfd60e9241d,Rodrique,Schnieder,HOU,Mushroom - Porcini Frozen,$620814.15
786d38fd-ae47-48b6-9579-48cfa3de1fff,Jeanna,Dalziell,TWF,Tomatoes,$269870.14
6f3c5273-9485-490b-85de-01dfeefea5bc,Sandi,Mardy,ULX,Compound - Mocha,$481586.17
6378b6b6-c67c-452e-9096-eb42825444c9,Gaston,Thornebarrow,SWF,Puree - Mango,$448810.44
59605895-15c1-40a6-9e5d-404d604a6073,Melba,Peace,DOK,Wine - Spumante Bambino White,$77387.13
aa2651f4-e501-49fd-bb15-5ea21b0516dc,Agata,Lambrook,GBB,Lobster - Live,$159585.06
fff30fce-ff74-4b7c-ae18-9ede4020617a,Elwyn,Tinton,TME,Flour Dark Rye,$231969.14
c920552c-2416-487e-bf1e-65d1926a17c0,Sarena,Boosey,YWJ,Plate Foam Laminated 9in Blk,$279522.79
764808f7-091c-42f3-8314-97b4948c4b46,Donetta,Sandwith,MUO,Soup - Campbells Beef Stew,$391850.50
621d791d-599e-45d8-8a75-1ad54caee63f,Opaline,De Castri,ICO,Capers - Pickled,$961559.12
5704d18e-6699-4640-a1cf-77b4e702020d,Maye,Peeke-Vout,BVY,"Chicken - Thigh, Bone In",$11610.11
3187d73a-2dad-43ad-8a50-e1e40cd2e174,Boris,Afonso,LYM,Wakami Seaweed,$958692.55
9fd80a3c-c51e-4121-b90d-db88dc647920,Pet,Gerler,JCY,Wine - Casillero Del Diablo,$441820.20
cd5d45b5-c0b1-40b5-ab48-b6022f171a67,Garrek,Terry,VJQ,"Chilli Paste, Sambal Oelek",$238971.10
fe325e1e-f640-4e6f-b295-0ebb7ae67727,Palm,Chugg,PHN,Onions - Vidalia,$94740.04
82bef73d-e270-4642-9b5d-213ad2ab2025,Yorke,Laister,VIS,Stainless Steel Cleaner Vision,$635059.01
c589fae2-ca0c-476a-9dd7-035ba41744b6,Tracie,Chase,SNH,Pepper - Pablano,$492988.20
d894a7e8-18ee-432d-8048-406390df926d,Rosanne,Tomicki,RCH,Pork - Smoked Back Bacon,$169747.54
7ef455e5-1c9a-4acf-80a4-67939f92a705,Morrie,Fontel,ESK,"Pasta - Rotini, Colour, Dry",$27433.88
a127e7da-f190-496a-8fb7-92a83e36740b,Deeyn,Alpe,YTQ,Veal - Loin,$649374.89
de8d786f-a53b-45fe-99da-1e357aca4add,Adrea,Flawn,YTY,Longos - Chicken Curried,$934862.86
daf4cde1-0773-4acf-b8e2-4206d6f7b854,Filip,Loren,SIP,Flower - Carnations,$198038.17
4b230084-9df7-4236-90cc-fc5201f60faa,Turner,Dedmam,AUC,Rum - Mount Gay Eclipes,$532717.11
7b87f7c7-0450-40f4-837a-a4ac7e8cfae9,Enos,Mathewson,TTW,Wine - Lamancha Do Crianza,$413706.98
7abaaa4d-f73b-4613-a6ec-1d25f4299bd3,Neda,Gozard,PPY,Tart - Lemon,$156574.39
7f9aa674-6338-420e-bbf4-a5d1678f83cd,Hortense,Comoletti,DMT,Chicken Breast Wing On,$157500.78
3f3c2283-d93c-439e-92bb-cde8e35ea575,Josey,Di Lucia,TCW,Turkey Leg With Drum And Thigh,$821448.20
e8ce519e-f1c2-457e-9a57-44de02f996e9,Jesse,Rugg,NUB,Muffin - Bran Ind Wrpd,$579517.64
23251d98-e30b-4929-960b-e996d8244f22,Haley,Venner,LSS,Cheese - Fontina,$410686.15
8b5f1257-3b19-4275-9ce4-2d9b1af717e2,Linea,Balme,DLU,Cheese - La Sauvagine,$935359.30
b8ffbe91-237e-42d3-a438-a14fba29132d,Norrie,Frango,PCD,"Butter - Salted, Micro",$582691.13
6e60422a-5725-4be5-9cd1-090214871dca,Lily,Whisson,AYD,Beer - Camerons Cream Ale,$159282.43
5a289f48-0c7b-497f-a8f6-75c600c639e3,Eachelle,Rounsivall,VEX,Vacuum Bags 12x16,$939535.41
3bb13c95-d591-4db7-81f2-050d2f77d587,Casey,Lockless,MMD,Veal - Leg,$158245.86
8a2cbcb0-5f1e-4301-8555-a1a303f99265,Binky,Dot,SUU,Chocolate - White,$585312.92
d810a150-b6a1-4972-a1ae-0f97cf33d593,Nanci,Barreau,GWT,Banana - Green,$45998.63
cbc5128a-a2a7-4e68-b402-c25fbe27aee0,Franny,Chatband,PHA,"Wine - Red, Pelee Island Merlot",$860044.63
81a4f399-8a86-4c22-a74b-b0c7755cbc72,Hershel,Borsi,KPR,"Juice - V8, Tomato",$532391.84
c00d475c-c854-493e-8dd1-fc12c38650d3,Lilia,Pakenham,MBQ,Wheat - Soft Kernal Of Wheat,$301588.44
e5a24c67-d476-493c-a621-a3f801f38156,Alfi,Drinnan,CPC,Coffee - Frthy Coffee Crisp,$565162.73
7d73e61a-2f95-456a-a3cc-c5ab726c3c80,Darcie,Gibbie,YAT,Foil Cont Round,
d264cc0d-19ad-46aa-a459-5cca021414b0,Flore,Sylett,PDL,Juice - Lemon,$648986.92
d7b04ed4-4082-4aaf-a2fb-38a920ef3150,Fitz,Chafney,EDL,Flour - Strong Pizza,$197234.94
9bf2f72c-bcdb-4a8f-aa26-b4ca1fd78783,Trix,Oglevie,DAO,"Bread - Dark Rye, Loaf",$977507.87
cbe9b100-438d-4aa7-95f5-4c89cd0b903b,Galvan,Strike,MJF,Shrimp - Black Tiger 8 - 12,$178374.54
7ee4644a-67da-4f58-96d4-e8b1cdb5e2cf,Bealle,Schoffler,YWJ,Browning Caramel Glace,$824388.36
2924dcc4-d138-4e25-8175-b763c1f8dfa2,Chrysa,Delort,XIJ,Campari,$532678.34
b7f965db-113a-4f31-a0ef-4f0811fd4316,Chad,Boath,LLU,Beef - Top Butt,$761274.58
b1e50df2-6c9f-4d50-afb6-51fa4602e693,Harwell,De Ferrari,ANX,Cardamon Ground,$874685.38
b05811d6-40cd-43ae-bbb1-1ca0931d13b6,Kristofor,Mulcaster,CTO,"Sauce - Apple, Unsweetened",$522375.47
c865cfe1-3618-4fea-9573-abc0f3a96a60,Hunt,Winkett,DTW,The Pop Shoppe - Lime Rickey,$675413.26
c2f691ab-e66b-4fd5-94c3-0272ea8a9607,Tricia,MacShirie,LTN,"Wine - Red, Antinori Santa",$482534.11
8acb740b-911f-4bc4-8ac5-bd891ff7b1a6,Rowney,Derye-Barrett,PUJ,"Beef - Tongue, Fresh",$163240.24
19577a09-e409-4b80-8589-6261cf343873,Jacquie,Wyett,VRL,"Sauce - Soya, Dark",$597168.54
f220844c-6e08-488a-a9e3-ac64a15f30fd,Evita,Hampe,IXI,Wine - Magnotta - Cab Franc,$529248.22
b63f11f7-997e-4c23-84db-390023bcd4c8,Demetris,Manifould,FWA,Papadam,$309891.17
018bdad5-4c2f-4769-beb6-eb3fe580f0a1,Myrtice,Pressnell,HLO,"Mushroom - Chantrelle, Fresh",$137482.83
fbe761f5-4050-45c7-b477-8c8bf5bceff2,Lalo,McCulley,GLW,Pickles - Gherkins,$682710.60
87cc2c6a-68a9-4030-8a8e-70ea67dfbc04,Ailene,Bavidge,YLG,Triple Sec - Mcguinness,$681442.03
d477bd97-cd24-4c37-8884-2703ec0d537f,Brandy,Drivers,CRU,Coriander - Seed,$663553.06
e64e71e1-d348-4703-8031-a083054d0edd,Antonella,Elden,ULP,Soap - Pine Sol Floor Cleaner,$99052.32
7e7c5880-1f45-409f-968d-41a900706c41,Radcliffe,Rodolico,YZG,Wine - Beaujolais Villages,$796655.76
e3b383fe-0f1b-4179-9495-f6f4a4ce9467,Billie,Sollam,BFW,French Pastries,$715184.64
f2655eaf-a1e6-47c8-b495-2bdc0fe6505d,Man,Paget,YMH,Puree - Kiwi,$877906.37
7fe24d44-b9d8-4384-91d5-41e5d1db7e80,Estelle,Glanert,BVB,Tomato - Green,$315126.50
5df48f05-cd64-472d-9462-400a557d1821,Adan,Mersey,BDA,Sandwich Wrap,$778279.95
18c946d4-27ba-418b-becb-e6e3407caa76,Deana,Penhale,PAS,Cloves - Whole,
e2cda24e-55a6-423b-99ad-29520ab4e2cb,Jazmin,Massimi,EPH,"Coconut - Shredded, Sweet",$895587.70
35943131-e234-427c-93bc-c3b5aa59fbc6,Adams,Belmont,KEM,Garam Marsala,$483281.96
fdf44425-a8d4-45cb-9f85-10ce1ba1ddce,Alameda,Trorey,TTJ,Wheat - Soft Kernal Of Wheat,$998584.07
503c5e2e-f8f3-4211-aca1-8efcd4698da9,Tanya,Hutchings,BTS,Bouillion - Fish,$265996.33
c7456a8b-97c9-4877-869b-172675779006,Lotta,MattiCCI,XPP,Fib N9 - Prague Powder,$37080.31
c822c6e2-0d6b-4ecc-a0da-c80c9efd3b78,Cristen,Yablsley,CMM,Energy Drink,$194270.85
8a4215f5-d2ac-44ab-bb79-b18b820f1c96,Elroy,Hainey,YUL,Alize Sunset,$672464.55
d58491a3-2180-485b-95ce-83e6715046c9,Paulette,Sall,ZIG,Ecolab - Mikroklene 4/4 L,$908536.39
f12a1faf-f721-421a-b2de-364958540a70,Edd,Somes,TOZ,Chips Potato Reg 43g,$94642.73
cd39154b-ca57-4556-a5ed-95e6d48dc26f,Martynne,Glaves,GWE,"Corn - Cream, Canned",$552582.77
371619da-ff4b-465d-97eb-fc93720d4102,Mella,Pietri,MCO,Pepper - Jalapeno,$657947.24
0a58f3f6-9d6a-4e47-992b-c1ae35596bbc,Nickola,Gerkens,SOH,Appetizer - Cheese Bites,$399929.88
f04f3faf-7f71-4550-befb-63ae56313b11,Dario,Signorelli,JBK,Spaghetti Squash,$164387.06
beab5c31-82c1-4590-a0f3-79f37a2dd070,Kary,Laurand,HAD,"Wine - Red, Lurton Merlot De",$311223.26
51eee0aa-e596-4ac7-92ae-4968c4a923e2,Dur,Blaver,CTZ,"Soup - Campbells, Minestrone",$891177.07
95aec705-e080-4d49-804d-aea1f9ce110e,Tania,Tombleson,KVD,Propel Sport Drink,$809019.73
483ab6c9-3ffc-427e-9e5e-81949e951afa,Sal,Ewence,DRY,Wine - Savigny - Les - Beaune,$326349.44
995a29ee-fd9f-4323-af01-f16b7c7f8fa5,Aida,Beatens,SZP,Puree - Passion Fruit,$38213.53
3242b792-93db-44f1-ab02-e92f9b9d4515,Theo,Ingolotti,YTB,Chickhen - Chicken Phyllo,$160322.82
5ba4f443-0794-445f-bb6e-b33b0dfdee47,Ulrike,Fries,NLN,Calypso - Pineapple Passion,$200244.90
49116f2e-54be-4aaa-bbab-0a8a7567ac1c,Ailsun,Joutapavicius,HSS,Sobe - Berry Energy,$151127.70
67abc16b-f8fa-4ffe-9519-745301016862,Clarette,Deniso,HEB,"Coconut - Shredded, Sweet",$427966.67
1a178b78-3862-4a89-bc14-723c373069a5,Aurlie,Bezants,GOB,Pork - Backs - Boneless,$198029.81
07e6e9ea-f8cc-437d-b8a1-e8ceb116e5af,Reinhard,Skeels,PXL,Sunflower Seed Raw,$664523.35
0c58bf8a-7c63-48b2-8f9d-84e35623b692,Kinnie,Elmes,WAW,Liners - Baking Cups,$461298.48
c54267e0-83ca-4198-95dd-36ad5266f53a,Jude,Gallop,COL,Sauce - Salsa,$416869.91
8a405b39-12fd-46b8-9bdb-e650f113e53f,Cherey,Gergus,OLC,Jerusalem Artichoke,$894071.92
728a36d3-1c62-4cc7-b84a-9e199f33e43f,Glyn,Giacomasso,ZVA,Water - Spring Water 500ml,$893185.44
bc7a4601-1913-4333-bb80-0f7822fe2922,Renard,Staddart,AYH,Wine - Magnotta - Bel Paese White,$837297.94
884261b5-e9fb-47bd-80b3-78143e3f7365,Rozalie,Capini,PMO,Beef - Ox Tongue,$544037.03
567e8761-a4d7-476e-af64-1b023082b8d9,Alvera,Tidbold,UDI,Table Cloth 90x90 Colour,$803016.41
9205f6dc-029c-43ef-a0b4-4909d4f41662,Harrietta,Feldstern,KES,"Wine - Red, Gamay Noir",$545267.22
abbb2b0e-b89d-4232-9891-44ee7d5de0d1,Hilda,Rewcassell,YOY,"Water - Spring Water, 355 Ml",$66394.15
611d91ad-dbff-4662-bd66-5e6b76077e5b,Brigit,Hurdle,BKF,Yogurt - Assorted Pack,$566069.26
810392ad-4533-4769-ad65-92babf0e2533,Sigismundo,Stopford,EDF,Cheese - Bocconcini,$384805.99
c0591db3-9199-4cc2-93cb-a526ba7c2caf,Gusti,Verner,0,Pepper - Yellow Bell,$530888.84
97077832-7a18-4ef1-86cd-83c6231a0667,Maryl,Pollen,HHZ,Muffins - Assorted,$774635.35
67b1e49d-633c-4977-a92e-806457fb9c6e,Tana,Donalson,KYX,Flour - Cake,$893045.15
9930eb04-ad4a-466e-992b-37740c3c1e93,Artus,Mothersdale,WNZ,"Soup - Campbells, Spinach Crm",$153263.63
9e30d808-77cb-465c-a425-a67b29f72325,Karee,Rivelon,RHE,Coffee - Ristretto Coffee Capsule,$772245.64
68ee671b-d107-41f3-917e-5b8920c4106f,Dan,Beart,CIN,Jack Daniels,$433970.75
a4d85ee2-121a-4580-a73a-c5967c55709f,Claretta,Tite,MDF,Drambuie,$741686.95
42a24f2f-dc01-46f6-b195-346bb2bb0063,Rosita,Woltering,RMF,Pie Filling - Apple,$780595.48
468cf8f7-f1d9-4894-b8a8-863abbe40a9f,Carce,Lorenzin,NBN,"Chicken - Diced, Cooked",$184857.37
ff72fd36-cda7-44a9-9bce-4353e9b0380a,Marthe,Tawn,VVI,Longos - Lasagna Veg,$511062.78
6019f298-be75-4011-ad83-49bb52a8f90f,Xylina,Bargh,RTN,Tart - Pecan Butter Squares,$762867.63
ddec85d9-e5e8-48c2-b241-7b0ee6e31834,Augy,Daile,KXE,Taro Leaves,$808044.01
fe191049-90d2-48c6-a9ab-5576f2336d84,Lyman,Portsmouth,ILZ,"Schnappes - Peach, Walkers",$546679.03
4cd66483-67da-4e5c-a883-fa6c6bcf75fb,Annmarie,Vlahos,MIZ,Cheese - Taleggio D.o.p.,$433391.01
be1a8d0c-f4ab-489e-9d90-5b27a4ae3558,Gabriele,Runnalls,NBE,"Beans - Turtle, Black, Dry",
0e135ef9-dbc9-4e48-ba0a-ac5f3b142434,Ardella,Sowden,IRA,Plasticforkblack,$784102.14
ecfbf164-48cf-403d-bef2-07fe807e9449,Jessie,Gatrill,EDO,"Cherries - Maraschino,jar",$373930.52
ee80d2e0-fb5a-428b-8db8-bd06e0d24b3a,Wilona,Mityushin,SGY,Magnotta - Bel Paese White,$337768.77
5fa78e8a-5262-4eb3-b324-0e148d3450f5,Myrilla,Bartolomeo,NUL,Beer - Maudite,$938401.30
88b7dd80-104d-4e24-b19f-7c0b01cfec17,Kipper,Cabble,KHZ,Jolt Cola,$52772.12
2ae050d3-6eef-400c-9b39-ce2568173f03,Patti,Braisby,PRM,"Tea - Darjeeling, Azzura",$330547.65
ad2cb75d-32f7-4ea1-b03b-1dd3bdd4a394,Julio,Varley,PEU,Vodka - Smirnoff,$315480.40
b3d0b649-f4ae-46a2-96a7-3d3cda175a0e,Budd,Mc Carrick,JCH,Wine - Shiraz South Eastern,$648395.52
0fbdcfa5-515b-4f7c-b68b-22775aca397f,Jaquenetta,Bockings,MLO,"Wine - Red, Cabernet Sauvignon",$525704.93
16517af1-24c6-45e3-89ab-1aeca3e6b77d,Alf,Wetherhead,DDP,Vinegar - Red Wine,$132834.19
0a223229-8929-47de-97f4-c8c16a14b299,Fredrika,McGuiness,LJU,Tea - Jasmin Green,$844256.21
3e58107f-b3cd-486b-9518-25b84b8fa23e,Brnaby,Riddick,IST,Muffin Mix - Banana Nut,$77403.15
46498ee4-7a54-41d5-b6da-823b59fa8cdd,Erma,Umpleby,DNU,Chicken - Wieners,$949238.31
7ea2c26d-1d7e-424f-afde-6183cb5cbfe2,Fletcher,Keward,DZO,Tea - Herbal Orange Spice,$130501.99
89e49d59-c2ea-45db-8282-961431531992,Grata,Durno,CGP,Vinegar - Cider,$926869.73
d092c62f-34ce-4907-a40e-77708246aac2,Leda,Juden,DZU,Pastry - Key Limepoppy Seed Tea,$717714.33
c2dda4aa-ded9-49c5-9188-54e38db7d8d3,Niles,Leeman,LIR,Butter Balls Salted,$799342.95
d7f431a6-076f-4026-a55d-05de6fd7e43f,Garvy,Krollmann,TKW,Pastry - Banana Muffin - Mini,$247487.23
f395ea52-e479-4fc2-9d13-c20f93e3e449,Peggie,McNulty,LPI,"Oil - Food, Lacquer Spray",
639dc10f-b66b-4de7-9ec9-7e14209d270c,Alaster,Mepham,TJH,Beef - Ground Medium,$319886.92
d8fcb3fd-5872-4842-9121-e051b0a87a27,Jessamine,Hayter,KLI,Cookie Dough - Double,$699543.41
718efd48-fffe-4a63-9538-df9fc6a0b85c,Ethelind,Dust,MYN,Tequila - Sauza Silver,$25994.32
1455cb92-5bcd-4b41-873c-253cfb313465,Modestine,Bonnar,BOR,"Nut - Hazelnut, Whole",$94597.84
52fecf60-dc93-4eb3-974e-abc5c8d25da5,Gage,De Lacey,DLN,Ecolab - Power Fusion,$539120.47
c865e60c-1daa-4e05-8084-caab0373ab3d,Ransom,Elwell,KWT,Milk - Chocolate 500ml,$767158.74
9dfb671b-3e13-4b28-a692-4176f23ee422,Mahmoud,Aupol,NIG,Mustard - Individual Pkg,$735612.62
6523caee-93e6-4c17-8030-b2e062576177,Nathalia,Theuff,RMI,"Wine - Red, Antinori Santa",$76765.12
bef808fe-6c18-4937-8268-57fd3cbe84f5,Rafi,Orth,PKN,Sproutsmustard Cress,$902059.67
6632ed0c-72d0-4142-b177-21eca72635f1,Haskell,Riccetti,YPQ,Sole - Iqf,$649258.70
cc5e7a62-887d-4c71-8c3d-aeacca298249,Lorita,Gladbach,CGJ,Flour - Fast / Rapid,$478756.18
81130d79-f5cb-4c44-93fd-7cd9449d483c,Michel,Truse,CEW,"Wine - White, Concha Y Toro",$166761.48
4d007568-578e-46f6-9808-cae61f628cdf,Amberly,Deniscke,RST,"Cheese - Havarti, Roasted Garlic",$13219.55
a5a25759-1a4e-4bde-9fe0-7706d7f789e6,Nikaniki,Farden,TND,Bread - Sour Batard,$7174.47
aba91774-5c14-47f6-8ae5-76d22d956ff3,Rivy,Kerbey,PTC,Grapes - Green,$290241.70
a36b0fe2-1349-4bf0-882b-05f1b4a484a8,Sydel,O' Byrne,BRM,Sauce - Balsamic Viniagrette,$203146.99
0e973c03-f00f-4ba0-af5b-4f3176b37d03,Catlee,Gillott,FLS,Oxtail - Cut,$348962.60
e5a1acb6-7813-41d0-9249-e062f9b4da78,Annabel,Scotchmor,WDI,"Nut - Hazelnut, Ground, Natural",$571368.64
cf8cdc04-f3eb-4378-894b-aef9ccd1dfc2,Lurleen,Memmory,UIO,Lamb - Ground,$66942.30
0ede2dcf-7d38-4f5d-abef-a00cb74bb289,Katrina,Hartburn,WRW,Wine - Alsace Riesling Reserve,$789098.84
0d9f4632-573d-4829-9bb8-b074bdefc163,Skip,Higgonet,COC,Soupfoamcont12oz 112con,$173997.97
efdd6317-7156-43ad-a3e7-7f068b3a98f1,Berkly,Habbin,IAN,Water - Aquafina Vitamin,$468915.00
6767b15b-be73-4e5f-99c4-4b35426a88cd,Reggie,Stetlye,ASH,Bandage - Flexible Neon,$629590.86
15e1e54e-5da4-4d69-9d26-4e3bda5692af,Lacy,Von Der Empten,0,"Pepper - White, Whole",$67707.32
a7aba596-65d0-47f4-92d0-60f7272204df,Inge,Demkowicz,ATF,Lid - 16 Oz And 32 Oz,$895596.41
37fb05a2-94e0-4983-aabc-ab30de640549,Sallyanne,Aujouanet,VJB,Olive - Spread Tapenade,$419491.89
81e6470f-6683-42e1-bd3f-1481f33b211e,Haleigh,Schohier,SIC,Cumin - Whole,$587898.99
70ed3711-418d-47e2-9995-03de206c5fde,Zechariah,Wyson,WTL,Squid U5 - Thailand,$373191.86
3f239236-79e1-40d0-b766-b20952997676,Sonny,Rosellini,IXH,"Wine - Red, Black Opal Shiraz",
4b79c59d-3e18-4add-8f06-6b12c6644121,Zulema,Luce,RBV,Muffin - Mix - Strawberry Rhubarb,$759425.17
9c67fc15-33b4-4bc1-a406-1111cc10b26b,Gae,Stanier,KBO,"Beef - Rib Roast, Capless",$538078.95
28801819-b738-40b2-af69-0d2bc1c7d609,Billye,Geikie,FNI,Poppy Seed,$277527.41
914904e1-2418-49c5-930b-f8c90621fa8a,Hertha,Gaishson,ECI,"Wine - Red, Pelee Island Merlot",$374452.83
71b35f5b-cbdb-491f-ac5c-d70fb27246f7,Sean,Kienl,SKS,Mushroom - Crimini,$161144.55
12d16821-fca6-4bac-ad90-ef895fb9e683,Evelyn,Santora,LRA,Vegetable - Base,$365616.20
f84a909f-2e6a-4fbc-8e04-73030f23845e,Adah,Gilhoolie,OVG,Oranges,$521169.72
6ebf5e97-6995-47be-9dcc-8c3c65b4ff1a,Chicky,Storah,BTQ,Parasol Pick Stir Stick,$543519.90
a316d759-4886-4693-a00a-130dbffdff71,Karine,Lowdiane,ACC,"Chicken - Base, Ultimate",$744485.91
277417aa-ed7c-4fe5-8f3f-20e218102a48,Curr,Manchett,LVP,Tea - Decaf 1 Cup,$459365.78
4a00aa9b-8c42-4cb2-8499-147a1ed2d118,Mame,Roaf,MRI,Lotus Rootlets - Canned,$357503.01
15d7a55f-c270-45af-8bd1-28009a9727c8,Nicolle,Rarity,MEP,Sprouts - Brussel,$732598.19
1fd4a4ef-bb52-4551-90bb-68bbba6834df,Yvor,Rother,WRZ,Sauce - Oyster,$626846.41
903f009a-7b59-424a-b630-81dfcbbb7c68,Andie,Tassell,MPX,Chef Hat 20cm,$302222.49
0d437cb8-f20f-44ae-939c-52c5fb7ac555,Saul,Leale,MSA,Bread Base - Italian,$242444.23
bb363ad5-6693-455c-9e3a-90957eecb4b6,Hunfredo,Cheevers,ACA,Lighter - Bbq,$471689.85
9e969b74-7033-40e1-b310-3c9d87e6ff65,Berky,Lammin,ELS,Cookie - Dough Variety,$313419.08
2484a727-5326-4430-abb8-1094947215da,Andrew,Dumbleton,YAT,"Soup - Campbells, Butternut",$533767.46
9090aa9a-f185-40de-8dad-515285582a50,Theresa,Warrier,NTC,Red Cod Fillets - 225g,$670346.34
a29bf566-ae16-41fc-baf5-5a1a9c04ce43,Frederik,Norheny,TEE,"Coffee - Colombian, Portioned",$553100.30
d0aa96cf-7971-4efa-b9ab-98c6aed411a8,Marcile,Windeatt,AZT,Chickhen - Chicken Phyllo,$517325.92
b5dc6639-db00-4939-a29d-a1cf74dd8b8e,Zoe,Gillebert,RIV,Oats Large Flake,$380092.14
19fb65d7-e88b-42ec-973e-bc497ffa8382,Karel,Assender,KGD,Bacardi Mojito,$986722.51
3b993e2c-e963-44fe-9800-22eb149b406b,Rianon,Vasenin,GEB,Bread Foccacia Whole,$51995.62
250bbcb6-873c-4c4e-bbe7-ecd5df04c707,Tiffani,Skill,PDR,"Pesto - Primerba, Paste",$487240.28
b032aa6b-1d40-4847-a527-060b52c3ce5c,Roderich,Gritton,AZR,"Wine - White, Pinot Grigio",$793546.98
c2093831-c247-46d7-95f2-e0877cb42206,Earlie,Grigolon,AJI,Veal - Loin,$71322.31
c23c54c4-e607-447f-a704-4f0ca9a6142f,Ronnie,Barras,ACM,Longos - Grilled Veg Sandwiches,$71012.56
79a19ac2-9e34-4def-8e27-fea71717a186,Prentice,Brownstein,SZE,Table Cloth 54x72 White,$262140.35
f0edb8bb-16cd-4000-aa7e-ebddf0f6f9d3,Britta,Retallack,YBM,Cheese - Blue,$439321.03
8cc64820-705b-4cf5-b689-b640eafb07a9,Yelena,Brace,LBK,"Wine - Bourgogne 2002, La",$317421.66
80f9f926-db04-4812-af12-fccf4316baad,Angelika,Spark,KMV,"Pasta - Rotini, Colour, Dry",$553079.89
24b4c546-5eaa-471b-b197-40c24e5d3a01,Emory,Lelievre,ACM,Aspic - Amber,$901099.27
de72f041-44eb-4bd7-910e-1d762bef9111,Zechariah,Lemerle,OBU,Cleaner - Bleach,$336397.67
31c818ee-9d0d-48e9-bc3f-c5bf027e42f0,Osmund,Korneev,BZC,"Bag - Bread, White, Plain",$427648.82
3db5db86-2e84-416e-a62d-afc75b0e8840,Erastus,Hawksley,RIX,Wine - Rioja Campo Viejo,$376586.52
412b8656-8318-4a26-a88f-da9a77598380,Rudie,Hardie,MZV,Bread Sour Rolls,$803401.57
5eccaf5d-0320-4114-876d-2d65d3574220,Juli,Ciccetti,ZBF,Spring Roll Wrappers,$892899.39
4db3de1f-436c-49d6-8728-908e083760f4,Benjamen,Ellif,BVU,Drambuie,$506962.80
3f50733a-3eac-4d02-9e32-3ca425d55f4f,Erin,Jikylls,ISQ,"Coke - Classic, 355 Ml",$355359.49
f6ca725d-591e-444c-8859-af6b0e0e8168,Arel,Davids,BZP,Wine - Barbera Alba Doc 2001,$814331.10
5669b56a-5f83-4f6e-bc0c-0c6eec68a55e,Cornie,Loxdale,CRY,Calypso - Pineapple Passion,$892261.70
023ed572-5b83-416a-9c5a-db502040da3a,Eddi,Melburg,KHH,"Fish - Halibut, Cold Smoked",$951740.42
28df45c6-1dad-4684-8f39-a066dd37c10c,Audry,Rive,GNM,Cookies - Englishbay Oatmeal,$267228.72
2bfc1164-2b8e-4879-b2dd-ac6c1bdf2c0b,Ajay,Livezley,HGZ,Shichimi Togarashi Peppeers,$769312.91
3af4a4ab-c331-4961-a37a-cf901695eaf5,Arman,Mepham,HZG,Tamarillo,$951580.48
85cbd4e1-bb7b-4152-9e2f-36728657fbd5,Alex,Fleisch,HUD,"Nut - Almond, Blanched, Sliced",$492023.62
73a81cd0-11ae-4a78-8ce2-a12f74b7aa83,Desiri,Keetch,IRU,Wine - Charddonnay Errazuriz,$567860.78
6a3a570b-7cf6-47f4-8951-35a8c52b25ab,Hardy,Pietrasik,IHO,Arizona - Green Tea,$661026.51
4efbc452-3e1f-4b32-b185-4db55b0c421b,Tessie,Middup,URY,Pork - Backfat,$909448.61
743a6e2d-768d-4cae-b85c-d09b95815b74,Shannon,Blaise,JEF,Bread - Crusty Italian Poly,$600793.84
4bb095a8-4a37-444f-b494-642771ea425f,Melvyn,Espinel,NAQ,Swordfish Loin Portions,$775754.83
823bffae-4286-4179-9541-ca54ec3e85f2,Sandor,Digges,AQS,Puree - Pear,
8244d201-98e6-46bd-81dd-b10495ce47a7,Ajay,Ciabatteri,CXF,The Pop Shoppe Pinapple,$516826.05
a16f1474-15e0-4b12-9b60-1321d3ce37b6,Kingsly,Brabben,GDE,Cookies - Fortune,$621040.29
496494e6-85e4-44f4-81d4-636602395c87,Caleb,Pocock,MAH,Dried Peach,$333732.78
f29ada8b-4047-4654-9def-5d5736f80c76,Arlie,Spinelli,ZGI,"Tomatoes - Cherry, Yellow",$19934.56
89188a19-20f1-4a53-aa07-03f4ce2f6dbf,Linette,Dessant,JSK,Wine - Manischewitz Concord,$828802.40
886cfbda-1197-431c-b453-c49574d70697,Bo,Kleinsmuntz,FEA,Foam Espresso Cup Plain White,$238845.29
432ccfc1-15b8-489a-aea4-c067e1476f9e,Harry,Stubley,GFY,"Mop Head - Cotton, 24 Oz",$208614.60
bb1baf2c-7c0e-44bb-98a4-374373569560,Windy,Stittle,TUF,Tea Leaves - Oolong,$664290.60
b0479cd4-3a66-42a1-856c-866d209918bc,Scotty,Paice,ISJ,Cheese - Provolone,$636943.30
b67269cb-ce78-41c3-98cd-d55685b221a0,Candis,Loveland,XXN,Onion - Dried,$521963.79
dfc484d4-dfc2-4d6f-898b-07e691341487,Nola,Mollett,AHE,Tea - Camomele,$897839.07
cd93e1f7-9ea8-4f1d-8740-97155c42e1d6,Woodie,Twydell,SMW,Cabbage Roll,
5271db9e-fe2d-451a-8745-b65f75233a0c,Kit,Longwood,PNZ,Flavouring - Raspberry,$266255.99
8adb7382-8383-4c0d-9bd6-9e1610f46873,Allys,Bartul,OGL,Wine - Montecillo Rioja Crianza,$806703.00
bedc06b9-8738-4ae7-9ef4-a00754869791,Janeva,Wrathmall,CKG,"Mushroom - Oyster, Fresh",$566627.10
75bb3850-00a9-41b8-a77b-d55af7e8a176,Tailor,Fould,JIO,Banana,$184384.74
01c3d81b-7929-4e8d-ab70-2a5f02452b43,Catie,Blinde,SFB,Wine - Wyndham Estate Bin 777,$308842.56
95fc6d63-c9ea-4a20-b577-7e23837a5751,Mord,Grealey,RVO,Apple - Northern Spy,$832083.09
5576adf5-ef13-4e77-be61-52f1a7759b68,Auria,Leyfield,SWO,"Lemonade - Mandarin, 591 Ml",$400885.70
b73af086-5813-4abc-9383-1f4bcad1dfd9,Benito,Tower,PWA,Wine - Bouchard La Vignee Pinot,$589799.37
4b92ee24-0765-4c6f-9d00-e4ea0ff68305,Early,Vernham,LBX,Ostrich - Prime Cut,$229386.17
2879517d-e691-4c90-80f8-d97104433868,Kean,Cloke,FLW,Chocolate - Milk,$345467.60
24870c48-1a42-4c6f-9eda-5e8fcd1574e7,Burch,Yarker,BZV,Snapple Lemon Tea,$54667.98
31095265-1948-4205-83eb-253d3381956e,Lanni,Orr,UPV,Scrubbie - Scotchbrite Hand Pad,$653304.99
639d7ca4-e9f1-4b02-a5dc-d3cd62c0b0d1,Gabriele,Georgievski,RLO,French Pastry - Mini Chocolate,$491776.62
edcca132-5a54-4d88-b0e9-7edd15eab0f4,Desiri,Woosnam,MAS,Longos - Grilled Chicken With,$31378.97
c3cc5455-d988-4b74-8a64-55fa12b7acfb,Veronike,Atthow,BSB,V8 Pet,$774155.47
77d2e719-6dda-4bbd-9a7d-314dc79f7208,Rani,Gammade,ONX,Russian Prince,$440243.03
8704b13e-844b-4cc1-8488-62685c8a1030,Karlan,Ragbourn,CZL,Cheese - Brie,$28648.50
20568427-0906-45b4-955e-f9e651115dd4,Rees,Allred,LHK,Island Oasis - Cappucino Mix,$603320.59
e18bece9-80f6-41e8-90b4-c08e0c21ca88,Lin,Hitter,TYD,Sprouts - Bean,$630605.51
56a380a6-b028-4853-a516-d6e55d4b4bb6,Titos,Wrench,TEF,Bread - Malt,$94173.90
cb4d041c-8a4f-4f09-9684-7d0a7f8a61f8,Agatha,Mealham,CUI,Pastry - Cherry Danish - Mini,$981061.25
a5a9c16a-1772-44d0-8efb-ac00c6c028c3,Waverley,Limeburner,XBB,"Artichoke - Hearts, Canned",$415194.08
1083e2c9-bcd8-44de-a959-0993c058fabb,Susanne,Giorgetti,SZA,Juice - Propel Sport,$55699.91
2fb72a80-0f20-40cd-b59e-e2fb0ebaff08,Franchot,Mugg,YSE,Flour - Bread,$886380.78
cf2895bf-8be8-4142-985f-c771db66dc28,Robyn,Hardiker,IRZ,Cheese - Pont Couvert,$689577.07
325613fe-7b10-43f2-b397-c7aca2b50b1e,Angeline,Baynes,ZNZ,Miso Paste White,$275912.66
7daa1563-7ed1-4be7-85f4-e02a5b8e89bc,Alecia,Makin,OYP,Rabbit - Legs,$297140.12
f1cefbfa-5fff-4ee5-bdfa-fc6baa805888,Darlleen,Fraczak,ICS,"Wine - Red, Harrow Estates, Cab",$403276.20
302050ac-07fa-4bfe-bfaf-1951e0f9f469,Eloisa,Sinisbury,KBF,Flour - So Mix Cake White,$587447.06
b32e9782-f4d9-4b9e-bd41-263f738811e0,Farah,Di Gregorio,SYY,Wine - Winzer Krems Gruner,$26750.04
d7fdc6ef-df13-46d3-996b-80fea6efcc11,Tiffani,Dobrowlski,UTP,Crab Brie In Phyllo,$986156.07
95e89c15-d574-4f10-9897-9a03c055eadd,Nev,Hamsson,WBG,Cookies - Englishbay Oatmeal,$968902.49
8d9cf050-020b-4400-8ad6-9cda0d93eb2e,Obed,Stollenhof,MDJ,"Sauce - Soya, Dark",$768617.64
9aac5fdf-dfa1-4e00-84fb-8cf42fcc6d85,Cindi,Demann,AFT,Chicken Breast Halal,$494033.19
c392a9ca-c919-440f-a0a9-09a8c40f17b5,Rora,Burrus,YOS,Table Cloth 144x90 White,$187.97
297c39fa-a242-4351-825e-19ef3552c2a3,Aube,Linnemann,LBT,"Beans - Black Bean, Dry",$901483.88
77e92b63-c98b-4927-8cc7-63078b4e60ff,Albertina,Refford,INM,Cheese - Sheep Milk,$685242.06
1fcaaea6-ca34-41c1-b582-acc4ba5bb83b,Jacinthe,Grigoliis,UGS,Godiva White Chocolate,$305470.13
a9a9db0e-4da1-45e9-b141-b70267aef623,Veradis,Dowbiggin,RUF,"Crab - Dungeness, Whole",$10356.58
f5824654-244c-4cd6-a466-ef07e04402c5,Prentice,Larking,ZND,Yucca,$109825.69
90bdb2f3-cdba-4353-8e74-b8540de95356,Penny,Crips,BYA,Compound - Raspberry,$604399.77
ab5413e4-ee48-4f75-b669-c8e9ad5c34ba,Renado,McGettrick,CTC,Bread Foccacia Whole,$261418.55
97cb4944-c723-42c0-ab2d-8e5cecb6592a,Drusy,Kaysor,TAK,Beer - Blue Light,$917508.31
832464d2-dad4-4e52-a78e-44fdec4b31c5,Joyous,Pilgram,LEK,Parsley Italian - Fresh,$624565.17
6b555d3a-2c07-4098-815e-3d9f3a5204be,Thaddeus,Dymond,KSM,"Mushroom - Shitake, Dry",$766110.69
e695b92e-742e-445f-bdd0-a3f1a5aa39b4,Mannie,Cathrae,BRT,Muffin Carrot - Individual,$454077.14
d5b16b4c-4f07-4134-ba35-981389e45e13,Ben,Valde,MUN,"Bread - Pita, Mini",$957372.15
d7a4555b-1aac-4c6b-a79b-460014ddb0ed,Viviyan,Kochs,OSL,"Plate - Foam, Bread And Butter",$967988.86
4bcdee9e-14bb-4fb4-8a8d-aa54b6a8db68,Sheppard,Stocky,0,Coffee Cup 12oz 5342cd,$186116.66
2247e9dd-9cfe-42d9-95d4-5b290585264d,Brietta,Abramchik,MUA,"Lettuce - Mini Greens, Whole",$702909.65
baa072b9-e40c-44fa-b3c4-14ca2bebbc1a,Alphonso,Macro,ABB,Bread - Wheat Baguette,$232034.15
5a07b649-c9d1-4103-8d74-c712f42f11f3,Rockwell,Acory,MIT,Cream - 35%,$712792.06
836fc190-960e-42b3-85ff-0691ecde6dbb,Fayina,Corss,ITI,"Soup - Knorr, Country Bean",$747772.36
93518226-4328-45ca-a48b-7c65b6d604e8,Daisi,Waltering,KMN,Goat - Whole Cut,$501520.43
45b59747-44ca-45f4-b4f1-0374d1f39460,Guilbert,Crutchley,MAL,Table Cloth 62x120 Colour,$799530.68
3025d8a9-23aa-485a-9833-a5028e7c6092,Andee,Fayers,DGN,Pineapple - Golden,$266032.76
a001f7d7-dd21-4bb2-8dbb-59d156940290,Lorry,Tyrone,LID,"Tabasco Sauce, 2 Oz",$89875.49
0ea5d8ef-e8e8-4d6e-8c47-bfe8ae848c06,Dur,Brislen,STP,Wine - Lou Black Shiraz,$953295.25
f083d6ac-af31-4d1f-9758-8c52085ee9a9,Virge,Gopsill,TLL,"Beans - Fava, Canned",$319476.25
c445c2a6-f2b6-47b6-9906-3c22f184a03a,Mildred,Rosenthal,APF,Filling - Mince Meat,$219121.07
4ca76e10-488c-4f34-b046-4840f646686d,Maurita,Housegoe,WRE,Wine - Prosecco Valdobienne,$268038.51
0eb33494-0d3f-4a80-aee4-eff5c1ac5337,Moselle,Hussey,VAD,Wine - Marlbourough Sauv Blanc,$531012.14
0bf08c1f-f44a-4762-b97f-3baa6ff526e0,Faunie,Ingledow,TXF,Drambuie,$483937.34
ae85dee2-9079-4a6d-af50-d3d6ba021586,Stavro,Tommis,YFG,Lidsoupcont Rp12dn,$356753.67
44a4d69d-6124-4281-8876-4eaa96d8311b,Hyacinth,Rolance,SHE,Lettuce - Belgian Endive,$4422.17
bd46e671-ee8b-423d-9cd0-16e36b5f9535,Corrie,Simonetto,BSW,Jameson Irish Whiskey,$855814.24
83a4aab3-425f-409a-910b-62c4766eacc3,Bettye,Sellor,FNC,Orange Roughy 4/6 Oz,$765647.91
0e60bd86-2748-4f4d-8df7-5fc7323cb738,Gilbertina,Oiller,SAU,Melon - Watermelon Yellow,$740055.73
78aa4348-0418-40af-a43f-e21021f02809,Page,Rudloff,VLC,Sunflower Seed Raw,$688053.66
f45e2b3e-1bec-41c3-8b52-c79e4f0228a3,Tish,Castles,ANA,Anchovy Paste - 56 G Tube,$327906.05
18ca905e-422b-49c9-8aca-f352c97499b4,Janessa,Elletson,SJP,Vaccum Bag - 14x20,$415421.30
8c6a5133-ab0a-4155-8bbe-47d244d75b3e,Minny,Cridlon,BCX,Wine - Dubouef Macon - Villages,$530450.90
f617a862-677a-4f93-883e-c0a6332325c8,Melosa,Ashcroft,KON,Puree - Raspberry,$805827.92
4dbb71a4-6738-4a99-9680-7f26b86d6155,Curran,Argyle,TGZ,Chicken - Tenderloin,$112980.21
5f78d8f5-994c-4b13-952c-130e5971df20,Trista,Whatham,FAJ,Alize Gold Passion,$544520.42
2147dc5d-0568-481e-baa1-b04f058ad9b9,Drucie,Dalziell,SXT,Fennel - Seeds,$876575.45
271d7a55-b58c-413f-8ce5-0aa0f96c3d63,Devinne,Kolodziejski,MTN,"Wine - Sherry Dry Sack, William",$915275.63
ed9eadd4-e17e-4584-8129-472c7da0e297,Doris,Revell,HAF,Cheese - Blue,$162984.42
b4bfae49-4742-4e2a-8dc2-6f3235368351,Corrie,Giffaut,WLW,Kirsch - Schloss,$758261.53
e378caa3-6dff-4e14-81e8-a2dfd3141cd2,Hamid,Bonanno,ADN,Tea - Herbal Orange Spice,$664923.84
ce793edc-5799-4f7f-b2a0-8263d87f6d79,Armstrong,Malter,PMF,Steampan - Foil,$388704.80
bd6d81eb-658c-4cec-aae2-ba6fb80304b5,Javier,Parnell,KBZ,Bread - Ciabatta Buns,
5306f792-7524-4a28-a727-85a721565ec6,Kean,Dalyell,MGV,Container - Clear 32 Oz,$682854.26
a8c2e631-2897-441d-b4fe-8636a567c853,Giavani,Edie,ESW,Gatorade - Orange,$419356.58
90867fe2-9b4e-48b1-b922-48712221df27,Mychal,Gors,LMC,Cheese - Feta,$571855.94
b54dfa9f-745d-488c-b966-19b2ae7baca9,Ingamar,Itzcovichch,IZA,"Pork - Tenderloin, Fresh",$203717.09
aeee0ca4-46e5-4a7d-bf86-232de235f258,Llewellyn,Meadows,GAX,Spice - Greek 1 Step,$859028.78
9a6a3b0e-3c41-4b3f-aefc-0f1e1bf521ca,Irena,Sheridan,THX,Bread - Onion Focaccia,$731846.01
9e38a092-07e3-4613-8ec8-721fc8ef7f7f,Ware,Cutchey,ASG,Cranberries - Frozen,$546125.57
5a591c67-8ea5-4262-81b0-b629e86e6300,Janos,Hardey,BUM,Puree - Guava,$647830.39
8f9ca098-c8eb-4ad2-a86b-6464e51395a1,Marijn,Quinton,WYB,Muskox - French Rack,$807048.12
f3500a6f-b6c4-4889-802b-3d1367579735,Pamella,Franceschino,LPK,Lemon Tarts,$229847.50
287776e5-3168-4008-a5cf-20c61b86befd,Erinn,Congreve,YNS,Chips - Potato Jalapeno,$495990.57
183894d2-983e-413f-8858-0767e6337325,Auroora,Scothorne,CNH,"Marjoram - Dried, Rubbed",$381572.52
d71d2005-8e63-4360-8f81-f507c1de8e71,Cesare,Windress,PLL,Trout - Smoked,$680228.45
4c7b188e-0b03-471d-bd60-9bfb6f553134,Hoebart,Bilyard,CMX,"Rum - Spiced, Captain Morgan",$479424.86
7786c980-d900-4d7c-a0de-b68c38c45b0b,Lamond,McIlvenna,GIS,Magnotta - Bel Paese White,$40728.01
aad318f3-8a72-46b5-ba7b-c45465a4835c,Reggi,Teager,XBJ,"Cookies - Oreo, 4 Pack",$599649.17
d229ff22-21b7-49d4-b868-b6287d1962da,Goraud,Monson,YGK,"Bar Mix - Pina Colada, 355 Ml",$775167.18
afe87954-3efe-44ca-9863-ec179fa7cbaa,Johann,Patinkin,GOP,Lobster - Live,$25671.79
5cec2cc6-641d-4de3-88d2-d58b2f43faf8,Carolus,Castel,MBU,Dc - Sakura Fu,$954931.21
5157db07-3602-4957-bff4-e13f22926744,Emmalee,Churn,LPF,Spic And Span All Purpose,$981278.09
25c7d1c8-2bf2-4bda-8257-fdf88d459cb9,Kelila,Moorwood,OSR,Ecolab - Ster Bac,$363763.79
5ad64fb1-009c-476d-b6f1-bd03329c57ee,Barrie,Paynton,KTO,Beer - Original Organic Lager,
5c48f3e6-38c4-4dd1-969e-2a7b875b716a,Freddy,Berthon,KLN,Apple - Custard,$799286.36
53aa3228-00cf-49a4-a6cf-26f45f78e39b,L;urette,Alwen,NVS,Cookie - Dough Variety,$842469.85
d58d6ca5-9b26-4e3b-a89f-c6801e13bb04,Krissie,Terne,LLK,"Roe - Lump Fish, Red",
2825adcb-92c8-4247-b479-58e87dc0ea92,Gerhardine,Nuscha,JAV,"Cookies - Oreo, 4 Pack",
8cc7d562-ce62-44a2-b279-3a8c71b93cd3,Marys,Copping,POW,Ham - Black Forest,$53451.12
098853d2-9b43-49a7-8990-ff38921a4e0e,Angelina,Dendon,JIW,"C - Plus, Orange",$813443.90
5fee8e22-90ce-413c-9169-2df4261549d2,Rossy,Mackley,GPT,Tomatoes,$47434.72
2efb77e8-cf49-4542-b79e-4259406cae52,Chen,Crunkhorn,MVA,Cookie Dough - Chocolate Chip,$363883.90
542021e3-e6a5-4362-b964-55e51def051c,Darryl,Gorcke,PIA,Bagel - Ched Chs Presliced,$850019.48
1e9d9c3a-b1fd-4ef2-9246-719ab6493d9b,Farica,Bryce,LCK,Ice Cream Bar - Hageen Daz To,$811146.56
abee9d32-9050-4ada-be0a-038edca275a4,Michale,Hierro,LYM,"Veal - Brisket, Provimi, Bone - In",$627794.65
7787bfa3-8a1b-48de-8f3f-b880a14eac02,Genovera,Pimer,RLA,Bread - Rye,$195974.74
76ff4451-f4fb-4b77-8450-b3a41112576f,Ulrike,Beadnall,SHW,Puree - Pear,$704434.33
bd26fb0d-e185-47f0-be0a-d1d0842f7bdc,Reginauld,Draycott,ESE,Basil - Seedlings Cookstown,$236094.32
0a8384fc-235e-47ad-89a5-5da1ba248389,Hermia,Iamittii,JQE,Butter Ripple - Phillips,$861542.79
4c1beb09-ca18-4ffb-ab9c-774519175ce9,Fonsie,Kille,LSM,Olives - Stuffed,$891717.58
d883f2ab-cb0c-4c67-bfb9-b2a76ddc5cc5,Bennie,Flintoffe,ISN,Noodles - Steamed Chow Mein,$799305.15
79e48175-b771-471f-8201-eb573d68cca8,Guenna,Proffitt,SYK,Beer - Moosehead,$875969.78
53a0bd24-3c1f-441a-841e-6bd1ee4d172d,Bald,Ayto,PLV,"Beef - Outside, Round",$636486.28
ced63e1c-3f63-4b12-890a-32b108f0532c,Tamra,Jerson,APF,Rootbeer,$115554.72
da54c9b7-4e6e-4da7-9994-fbb9436d7ad1,Ruby,Djekic,GCA,Table Cloth 81x81 Colour,$744732.69
1f19d1ce-4d42-4f35-8301-b2bb8b34558b,Crissie,Zaniolo,KKZ,Dried Peach,$418417.16
50e5d050-cb61-4144-9350-74bbde371764,Cassey,Readshall,PGR,Nougat - Paste / Cream,$275042.99
9d6a0cb0-c7a0-4ae5-87ef-2313073f6a19,Boone,Randalson,PVG,Rhubarb,$937324.07
b0ddde65-bc37-4f0c-8e9e-101d2f8898f6,Ted,Shingler,DLZ,Mussels - Cultivated,$600751.13
173e4b20-8646-45aa-a315-1380a84627fa,Jaquith,Klosser,AGU,Beef - Top Butt,$423504.35
4c62203e-b145-49cc-bccb-54d12536eb22,Aharon,Raspin,SHO,Sobe - Tropical Energy,$641178.13
a9c0096b-2b0b-462e-b1b1-b652c9cf17f7,Natalee,Krugmann,CLG,Tea - Herbal Orange Spice,$689899.42
5d9fd2a0-cf9f-47b9-95cb-d8c892bd7e8d,Elliott,Woodger,SJV,Chocolate - Milk,$185432.20
2f4b8bbf-8279-4ec0-80e3-04f012de0525,Durante,Broschek,BAF,Mcguinness - Blue Curacao,$38006.11
7390f75e-7dcb-404c-92fc-f9565e1fb5fc,Munroe,Dewsbury,KUY,Waffle Stix,$628217.42
3d4a9a76-b5bc-4f90-a1d7-d3a0acf705f9,Alisun,Riccelli,MXG,Cheese - Sheep Milk,$715087.05
fca8fc9f-e8b4-4217-978b-1028798fc152,Kellen,Tresise,KEH,"Chicken - Leg, Boneless",$891321.52
6977a18a-3de3-47e6-86df-e4df760dc82b,Shurlock,Dullard,CZE,Corn Meal,$433972.37
600e6473-ac86-4d78-bef1-a4cc255436db,Inigo,Padkin,HNI,Kippers - Smoked,$628591.07
39c731d7-9024-4b94-a07d-020d8daf9986,Yance,Godard,SRJ,Cheese - Parmesan Cubes,$32910.09
34258b22-28e3-4d22-aec0-ca25f05b8a74,Babette,Trathen,KIT,Plums - Red,$431779.32
91e0e738-9322-4103-ad1c-cd2c6b1a60b3,Eugene,Hedlestone,JUJ,General Purpose Trigger,$972078.16
e756b368-5e2b-4395-b1bd-0f913c62f320,Jarrad,Lemmertz,IOU,Mudslide,$463593.52
0afbcd60-1596-45c3-a106-2ab5625847ed,Gayle,MacGruer,SRE,Soap - Pine Sol Floor Cleaner,$895563.46
35be320b-0a3d-46cc-8c9e-24c35d0e3533,Janith,Rotter,MMM,Cheese - Le Cheve Noir,$13329.15
56c11b58-9dd3-46cf-8759-35224e803773,Bennie,Churly,CLX,Quail - Jumbo,$821477.74
fd659b9b-e536-42d4-9163-44283508cd56,Lorianna,Gebhardt,KRV,"Chocolate - Pistoles, White",$209892.72
b0b9dc75-a738-422e-8eec-bc649c5d8565,Fred,Eglinton,GMN,Mangostein,$986803.73
ff99806b-f453-44fa-9b29-36adc6bfd50e,Erminia,McCurdy,AIT,Mushroom - White Button,$557601.79
494d775b-87f1-415c-bf4c-68ee3cf05a5a,Louisette,Ezzy,YVC,Pork - Hock And Feet Attached,$392595.88
666f8491-71db-4234-8bb6-78f0c8e88af7,Tore,Rajchert,SHQ,Capers - Pickled,$821952.51
820e7bb0-287d-41f8-a388-70bad1b643cc,Jacquetta,Cassidy,TIP,Kumquat,$760415.26
e8ec90a4-702d-41e9-9d85-08da18014a02,Fernande,Kennham,HLO,Sambuca - Opal Nera,$592352.27
613b7d2d-7738-4244-bd3c-5fb9a86035c0,Mahmoud,Entwisle,EUF,Fruit Mix - Light,$206136.90
24b004e6-98ec-40ce-a877-18238efec06f,Harbert,Mac Giany,ERQ,"Cheese - Brie, Cups 125g",$710102.15
a692cfbd-789f-4223-a2a3-fe0dd47a294f,Gwen,Perell,AYU,Olives - Stuffed,$746796.65
606dbe24-5037-4507-816f-f0c5a0f25b91,Bernie,Earwicker,YCV,"Water - Mineral, Carbonated",$582450.72
bfe7368b-f153-4ad6-b6b7-1294ed933ec7,Haskell,Veasey,CTX,Table Cloth 54x72 White,
fbb2a5bd-0e37-48ae-b2ab-2e7e2763a1b4,Gabie,Traves,ZCO,Wine - Saint Emilion Calvet,$161246.86
30d20c44-3242-46a1-b433-4385cdff78ea,Kristien,Bleasby,BZC,Chevere Logs,$812627.00
a4a49f65-e7df-4ac5-b2fd-9cd30954b687,Blakeley,Simmank,DDU,Apple - Custard,$877313.62
503fd8a0-3fa4-4173-9aba-f7626bcbb61d,Cherilynn,Sampson,YSG,Wine - Periguita Fonseca,$786739.74
71f38b2f-04b0-4e82-bd13-0af14198674c,Amelina,Farr,COI,"Crab - Claws, Snow 16 - 24",$973212.24
b1b821b1-b6c6-4977-ae8e-ab0e6adcee9d,Valentina,Rosander,IDY,Spinach - Spinach Leaf,$895623.12
ce0e497a-3e2d-4928-822a-79df16b91590,Nicol,Kingescot,CLL,Muffin Mix - Lemon Cranberry,$861096.79
e2afc60f-b8f3-4bfc-a25b-16f20348071d,Giulia,Robken,KEO,"Nut - Pine Nuts, Whole",$45448.42
ee7d1d58-f006-4b33-85cf-573a100b1b38,Karim,Cod,SMQ,Mustard - Pommery,$800790.27
a20de4fe-830f-4e1e-ba6f-ffda1578922f,Milissent,McCudden,CEN,"Chicken - Wings, Tip Off",$816259.64
8728c223-7e1d-4057-b29b-b09f3ba39669,Gayle,Ledster,JNU,Kumquat,$730347.71
1aa42a77-418d-423e-9fe9-e65b8730fda3,Ed,Delaprelle,MDF,"Nut - Almond, Blanched, Ground",$219741.66
a39430f0-16be-4d41-82f8-ffd071d66e3a,Dulcia,Rabjohns,BKF,Wine - Cotes Du Rhone,$67637.48
dcbb9fbf-fb92-4faf-bc33-701238ae862b,Lyn,Foystone,MNX,Sauce - Rosee,$41467.18
3ad6ff4f-83d6-4838-a545-48b0719d3f56,Luca,Gerrelts,COC,Berry Brulee,$618061.17
490a2bdd-8924-45a4-99fd-22756d75546c,Letti,Coker,LLS,Pastry - Raisin Muffin - Mini,$741212.24
d56c4d54-453f-4a2e-95dd-8cbe00948107,Fern,Leas,DTR,Trout - Smoked,$796589.67
8cbad815-0b2e-460d-8ee8-349bb8e1f8d5,Arabella,Wilford,DGW,Pork - Backfat,$549800.72
3d698c23-fb94-4264-b086-c512f4e6c3b5,Nanete,Dobble,WPR,"Potatoes - Yukon Gold, 80 Ct",$667293.59
eb10ed4b-6c4b-4eae-9359-28f32c830e2b,Cara,Sawart,YCB,Cookie - Oreo 100x2,$588169.68
153005fa-085f-4617-88b8-e119e3a7682c,Sibeal,Brassill,KRU,Muffin Puck Ww Carrot,$351577.51
a73be0ab-5441-4337-b2b2-c4dc08488f86,Rachel,Passingham,SYL,Tomatillo,$311239.62
1e3a839c-a977-4cbc-bf2a-959c19d3451c,Noelyn,Dimelow,IQT,Vinegar - Rice,$212924.74
93037d37-ee98-484c-80f8-0809151e802c,Yvor,Itzcovich,CDR,"Cheese - Mozzarella, Shredded",
fa508d1f-816a-401c-be72-60f13a7d1f9f,Pammi,Adamczyk,CRO,Turnip - White,$234875.04
1d089301-2beb-41cc-a69a-eff48b60c5f7,Kyla,Cust,YYU,"Soup - Beef, Base Mix",
600ab1b3-b334-434a-ac56-0fb15d8a8a9f,Dagmar,Pllu,OTD,Sugar - Brown,$801787.15
842cd85e-65b2-4b39-9cdd-afb6d75ab86d,Giana,Pedder,BNX,"Fish - Artic Char, Cold Smoked",$545991.68
6a778222-ff27-4363-9615-517edee16f3f,Lora,Congdon,MRP,Petit Baguette,$310411.84
41fdd2c5-1b27-472d-a3a3-fee445922c1b,Walliw,De Freitas,OTN,Amaretto,$978848.94
edba13aa-df2d-4582-bd2e-74b05880b61d,Blinni,Matissoff,BAI,Grapefruit - Pink,$396265.85
e254e373-e518-405f-834e-44c64842d99b,Kennett,Beekman,BZN,Cheese - Mix,$469251.87
d1c4f12b-5428-4765-9bf1-5f02686b740a,Noll,Albutt,AXN,"Salmon - Atlantic, No Skin",$446757.29
c5ba41a1-1ff9-4eee-8146-93acc550b845,Heddi,Piatkowski,WAB,Fennel - Seeds,$740804.71
e4b198af-6403-4827-92d2-cf3fefbf2d98,Fredia,Edgar,LWE,Broccoli - Fresh,$278306.05
6dd6b9e2-0b32-46af-bf0b-5030078fb893,Simonne,De Robertis,FNI,Beef - Ground Medium,$760046.46
a7bc087e-fdeb-4bb5-b6dd-e7aab1abd55e,Kiah,Everly,MEZ,Muffin Puck Ww Carrot,$619663.96
829d3be4-5ca7-4113-b1ac-ae13396cb1bf,Dari,Hinchon,NBA,"Halibut - Whole, Fresh",$865289.26
08fbebe2-738a-4431-9faf-95a52beb30fd,Rudy,Bewick,DNV,Amarula Cream,$869596.24
1d34284b-e44a-4ef1-ac85-b2ed5695e209,Karlotta,Willan,FGI,"Beans - Long, Chinese",$85872.21
ba471704-3443-4584-9249-4d3a0ff89dcc,Dunstan,Moralas,ARL,Wine - Valpolicella Masi,$186407.71
641fabae-fb90-4913-8100-d3343db807ce,Amalie,Wansbury,TAB,Mikes Hard Lemonade,$291353.67
9be87d3a-7527-40be-a4f7-04bf01054fdd,Rhodie,Belt,MYD,"Oil - Truffle, Black",$884153.29
1fa8ed1b-dfc8-4395-b9cd-5affbdf49498,Grange,Ector,BFV,"Crab - Claws, Snow 16 - 24",$280866.77
0f9e4ad2-96ab-4a62-90c1-840f702c9d5d,Malory,Konzel,GTA,Horseradish - Prepared,$384224.94
03a123ae-5188-40b0-b15a-9269d076abf8,Kim,Dabner,OLJ,Chocolate - White,$685938.18
83d7cb51-c96e-4654-9b32-811f8e2ae7f3,Rodie,Duerden,SUO,"Bread - Bagels, Mini",$211766.13
b2a5422d-a860-4f90-b891-78c17229d507,Cybil,Cheater,VTE,Vinegar - White Wine,$572009.61
fe93d416-4010-4185-967a-29c979438173,Jude,Realff,TFI,Lamb - Shanks,$977019.98
a0ac2eea-9b19-4bf5-b8de-d6732cb1d1a2,Tatum,Cadwaladr,DGE,Venison - Striploin,$942823.02
3c08068b-ad94-4924-acb5-930ffff09147,Rudolfo,Clewarth,BQI,Milk - 1%,$443755.49
c75c8619-c4a1-4d5a-a9e2-8929bd0329d9,Jemima,Ditty,ODH,Salad Dressing,$502553.83
e4c64305-45d1-4c4c-970d-8989588289cb,Ingrim,Nesfield,AUL,Capers - Ox Eye Daisy,$621514.78
d92282e5-0df1-4767-a4bd-956afe1a359b,Ula,Gaskoin,CNF,Nantucket Cranberry Juice,$694601.22
9c13ff36-464a-4a91-94a6-04e42d60c165,Waylen,Hallford,OSY,Hersey Shakes,$287894.93
c1ac3a7b-a84b-4072-8ad6-eb962b709c6b,Walliw,Cockram,POU,Puree - Strawberry,
d42d9110-7d2e-4c04-85a5-690a36cbe97e,Alina,Linger,GCJ,Chocolate Bar - Oh Henry,$364805.85
cafb9356-0f25-4024-8349-d5775db1e989,Francyne,Dansken,ZWA,"Jam - Raspberry,jar",$434555.86
e8aff81a-46c4-4e96-975f-822a1aeda35b,Finn,Josh,CLZ,Sambuca - Ramazzotti,$114727.60
78ab0551-13d1-431e-9c6a-1acac4d46fc4,Kathlin,Tourmell,OHS,Table Cloth 53x69 White,$446751.98
cd5eeb0b-8374-455a-8ac9-7929dd6b7b86,Aubree,Gorriessen,GKA,V8 Splash Strawberry Banana,$996419.49
d3c9543b-6700-4bc2-8526-f763a3ec238a,Dietrich,Bethune,ANG,Nori Sea Weed,$391574.19
4f9a7989-4d67-4202-a7f2-8edbc9350940,Storm,Daud,NVK,"Veal - Brisket, Provimi,bnls",$357012.21
d2793482-64cb-48af-8609-4f87f131f7e0,Merry,Nettleship,ZOF,Sauce Tomato Pouch,$769056.27
59c19935-f884-442b-b0b0-55bae277a12c,Ulrikaumeko,Foxall,MQU,Apricots - Halves,$618128.30
86dca0c0-3f40-40d9-bd4a-ebd4ae8913a2,Mattie,Pacitti,FBL,Cake - Box Window 10x10x2.5,$482420.29
3d9c3ad2-a23a-473d-83b1-94a3a811b1da,Kris,Tokell,KEX,"Beef - Outside, Round",$173694.29
04f1fd3d-6772-4605-851a-93f81a2d8dc9,Mufinella,Beeble,PSA,"Pepsi, 355 Ml",$237867.73
a9e70998-3e3c-4f98-9cc5-d53cc941175c,Raynell,Simyson,TKM,Soup - Base Broth Chix,$307852.60
a71c8575-3951-4088-a50c-78b807c3cd97,Gary,Warbeys,TJL,Longos - Assorted Sandwich,
a8acb17e-48c8-4325-bb9d-1fa23a12277e,Claudina,Minney,OXO,Blouse / Shirt / Sweater,$203698.16
7e6f3f16-2d4a-4fa9-863b-5f245b21ce0d,Gerhardine,Banbrick,YSP,Beer - Muskoka Cream Ale,$572997.81
f427bb6d-7e8d-4f29-bf31-d5344e427a10,Daisie,McGettigan,KVR,Langers - Ruby Red Grapfruit,$55458.89
64a135fe-a5f0-4d66-88b7-d002746c0aa8,Hirsch,Lanfere,GVW,"Chicken - Diced, Cooked",$22274.22
dc06b62e-55e6-4a53-83e4-8f44b4b0c8cd,Kurt,Hocking,DMM,"Wine - White, Antinore Orvieto",$886960.18
4bd792f7-cc84-4098-89c4-ce80d1ac3a40,Augusta,Molian,YXU,Appetizer - Assorted Box,$531314.81
